t,phi,omega,phi_anal,omega_anal,T,U,E
0.000000,0.069813,0.000000,0.069813,-0.000000,0.000000,-9.786103,-9.786103
0.010000,0.069779,-0.006842,0.069779,-0.006848,0.000023,-9.786127,-9.786103
0.020000,0.069676,-0.013677,0.069676,-0.013688,0.000094,-9.786197,-9.786103
0.030000,0.069505,-0.020499,0.069505,-0.020516,0.000210,-9.786313,-9.786103
0.040000,0.069266,-0.027301,0.069266,-0.027323,0.000373,-9.786476,-9.786103
0.050000,0.068960,-0.034076,0.068959,-0.034104,0.000581,-9.786684,-9.786103
0.060000,0.068585,-0.040818,0.068584,-0.040851,0.000833,-9.786936,-9.786103
0.070000,0.068143,-0.047520,0.068142,-0.047558,0.001129,-9.787232,-9.786103
0.080000,0.067635,-0.054175,0.067633,-0.054218,0.001467,-9.787571,-9.786103
0.090000,0.067060,-0.060778,0.067058,-0.060825,0.001847,-9.787950,-9.786103
0.100000,0.066419,-0.067320,0.066417,-0.067372,0.002266,-9.788369,-9.786103
0.110000,0.065714,-0.073797,0.065711,-0.073854,0.002723,-9.788826,-9.786103
0.120000,0.064944,-0.080202,0.064940,-0.080263,0.003216,-9.789320,-9.786103
0.130000,0.064110,-0.086528,0.064106,-0.086593,0.003744,-9.789847,-9.786103
0.140000,0.063213,-0.092770,0.063208,-0.092838,0.004303,-9.790406,-9.786103
0.150000,0.062255,-0.098920,0.062249,-0.098992,0.004893,-9.790996,-9.786103
0.160000,0.061235,-0.104974,0.061229,-0.105049,0.005510,-9.791613,-9.786103
0.170000,0.060156,-0.110925,0.060148,-0.111004,0.006152,-9.792256,-9.786103
0.180000,0.059017,-0.116768,0.059009,-0.116849,0.006817,-9.792921,-9.786103
0.190000,0.057821,-0.122496,0.057812,-0.122579,0.007503,-9.793606,-9.786103
0.200000,0.056568,-0.128104,0.056558,-0.128190,0.008205,-9.794309,-9.786103
0.210000,0.055259,-0.133587,0.055248,-0.133674,0.008923,-9.795026,-9.786103
0.220000,0.053896,-0.138939,0.053885,-0.139027,0.009652,-9.795755,-9.786103
0.230000,0.052481,-0.144154,0.052468,-0.144245,0.010390,-9.796494,-9.786103
0.240000,0.051014,-0.149229,0.051000,-0.149320,0.011135,-9.797238,-9.786103
0.250000,0.049497,-0.154157,0.049482,-0.154249,0.011882,-9.797986,-9.786103
0.260000,0.047931,-0.158935,0.047916,-0.159027,0.012630,-9.798733,-9.786103
0.270000,0.046319,-0.163556,0.046302,-0.163649,0.013375,-9.799479,-9.786103
0.280000,0.044661,-0.168018,0.044644,-0.168110,0.014115,-9.800218,-9.786103
0.290000,0.042959,-0.172314,0.042941,-0.172406,0.014846,-9.800949,-9.786103
0.300000,0.041215,-0.176442,0.041196,-0.176534,0.015566,-9.801669,-9.786103
0.310000,0.039430,-0.180397,0.039411,-0.180488,0.016272,-9.802375,-9.786103
0.320000,0.037607,-0.184175,0.037587,-0.184265,0.016960,-9.803064,-9.786103
0.330000,0.035748,-0.187773,0.035726,-0.187861,0.017629,-9.803733,-9.786103
0.340000,0.033853,-0.191186,0.033830,-0.191273,0.018276,-9.804379,-9.786103
0.350000,0.031924,-0.194412,0.031901,-0.194497,0.018898,-9.805001,-9.786103
0.360000,0.029965,-0.197448,0.029941,-0.197531,0.019493,-9.805596,-9.786103
0.370000,0.027976,-0.200289,0.027951,-0.200371,0.020058,-9.806161,-9.786103
0.380000,0.025960,-0.202935,0.025934,-0.203014,0.020591,-9.806695,-9.786103
0.390000,0.023918,-0.205381,0.023892,-0.205458,0.021091,-9.807194,-9.786103
0.400000,0.021853,-0.207626,0.021826,-0.207701,0.021554,-9.807658,-9.786103
0.410000,0.019766,-0.209668,0.019738,-0.209740,0.021980,-9.808084,-9.786103
0.420000,0.017660,-0.211504,0.017632,-0.211573,0.022367,-9.808470,-9.786103
0.430000,0.015537,-0.213132,0.015507,-0.213199,0.022713,-9.808816,-9.786103
0.440000,0.013398,-0.214551,0.013368,-0.214615,0.023016,-9.809119,-9.786103
0.450000,0.011247,-0.215760,0.011216,-0.215821,0.023276,-9.809380,-9.786103
0.460000,0.009084,-0.216758,0.009053,-0.216815,0.023492,-9.809595,-9.786103
0.470000,0.006912,-0.217542,0.006880,-0.217597,0.023662,-9.809766,-9.786103
0.480000,0.004734,-0.218114,0.004701,-0.218165,0.023787,-9.809890,-9.786103
0.490000,0.002551,-0.218471,0.002518,-0.218519,0.023865,-9.809968,-9.786103
0.500000,0.000365,-0.218614,0.000332,-0.218659,0.023896,-9.809999,-9.786103
0.510000,-0.001821,-0.218542,-0.001855,-0.218584,0.023880,-9.809984,-9.786103
0.520000,-0.004005,-0.218257,-0.004039,-0.218295,0.023818,-9.809921,-9.786103
0.530000,-0.006185,-0.217757,-0.006220,-0.217792,0.023709,-9.809812,-9.786103
0.540000,-0.008360,-0.217043,-0.008394,-0.217075,0.023554,-9.809657,-9.786103
0.550000,-0.010526,-0.216117,-0.010561,-0.216145,0.023353,-9.809457,-9.786103
0.560000,-0.012681,-0.214979,-0.012717,-0.215003,0.023108,-9.809211,-9.786103
0.570000,-0.014824,-0.213629,-0.014860,-0.213650,0.022819,-9.808922,-9.786103
0.580000,-0.016953,-0.212071,-0.016989,-0.212088,0.022487,-9.808590,-9.786103
0.590000,-0.019065,-0.210304,-0.019101,-0.210318,0.022114,-9.808217,-9.786103
0.600000,-0.021158,-0.208331,-0.021195,-0.208341,0.021701,-9.807804,-9.786103
0.610000,-0.023231,-0.206154,-0.023267,-0.206160,0.021250,-9.807353,-9.786103
0.620000,-0.025281,-0.203774,-0.025317,-0.203777,0.020762,-9.806865,-9.786103
0.630000,-0.027306,-0.201195,-0.027342,-0.201194,0.020240,-9.806343,-9.786103
0.640000,-0.029304,-0.198418,-0.029340,-0.198413,0.019685,-9.805788,-9.786103
0.650000,-0.031274,-0.195447,-0.031310,-0.195438,0.019100,-9.805203,-9.786103
0.660000,-0.033212,-0.192284,-0.033248,-0.192271,0.018487,-9.804590,-9.786103
0.670000,-0.035119,-0.188933,-0.035155,-0.188916,0.017848,-9.803951,-9.786103
0.680000,-0.036990,-0.185397,-0.037026,-0.185375,0.017186,-9.803289,-9.786103
0.690000,-0.038826,-0.181678,-0.038861,-0.181652,0.016504,-9.802607,-9.786103
0.700000,-0.040623,-0.177782,-0.040659,-0.177752,0.015803,-9.801907,-9.786103
0.710000,-0.042381,-0.173712,-0.042416,-0.173676,0.015088,-9.801191,-9.786103
0.720000,-0.044097,-0.169471,-0.044132,-0.169431,0.014360,-9.800464,-9.786103
0.730000,-0.045770,-0.165064,-0.045804,-0.165019,0.013623,-9.799726,-9.786103
0.740000,-0.047398,-0.160495,-0.047431,-0.160446,0.012879,-9.798983,-9.786103
0.750000,-0.048979,-0.155769,-0.049012,-0.155715,0.012132,-9.798235,-9.786103
0.760000,-0.050513,-0.150891,-0.050545,-0.150831,0.011384,-9.797487,-9.786103
0.770000,-0.051997,-0.145865,-0.052028,-0.145799,0.010638,-9.796742,-9.786103
0.780000,-0.053430,-0.140696,-0.053461,-0.140625,0.009898,-9.796001,-9.786103
0.790000,-0.054810,-0.135389,-0.054841,-0.135312,0.009165,-9.795268,-9.786103
0.800000,-0.056137,-0.129949,-0.056167,-0.129867,0.008443,-9.794547,-9.786103
0.810000,-0.057409,-0.124382,-0.057437,-0.124294,0.007735,-9.793839,-9.786103
0.820000,-0.058624,-0.118693,-0.058652,-0.118599,0.007044,-9.793147,-9.786103
0.830000,-0.059782,-0.112888,-0.059809,-0.112788,0.006372,-9.792475,-9.786103
0.840000,-0.060882,-0.106973,-0.060907,-0.106867,0.005722,-9.791825,-9.786103
0.850000,-0.061921,-0.100953,-0.061946,-0.100840,0.005096,-9.791199,-9.786103
0.860000,-0.062900,-0.094834,-0.062924,-0.094715,0.004497,-9.790600,-9.786103
0.870000,-0.063818,-0.088622,-0.063840,-0.088497,0.003927,-9.790030,-9.786103
0.880000,-0.064672,-0.082323,-0.064694,-0.082192,0.003389,-9.789492,-9.786103
0.890000,-0.065464,-0.075944,-0.065484,-0.075806,0.002884,-9.788987,-9.786103
0.900000,-0.066191,-0.069491,-0.066209,-0.069346,0.002414,-9.788518,-9.786103
0.910000,-0.066853,-0.062969,-0.066870,-0.062818,0.001983,-9.788086,-9.786103
0.920000,-0.067450,-0.056386,-0.067466,-0.056228,0.001590,-9.787693,-9.786103
0.930000,-0.067981,-0.049748,-0.067995,-0.049583,0.001237,-9.787341,-9.786103
0.940000,-0.068445,-0.043060,-0.068457,-0.042890,0.000927,-9.787030,-9.786103
0.950000,-0.068842,-0.036331,-0.068852,-0.036154,0.000660,-9.786763,-9.786103
0.960000,-0.069171,-0.029567,-0.069180,-0.029383,0.000437,-9.786540,-9.786103
0.970000,-0.069433,-0.022773,-0.069440,-0.022583,0.000259,-9.786363,-9.786103
0.980000,-0.069627,-0.015957,-0.069632,-0.015761,0.000127,-9.786231,-9.786103
0.990000,-0.069752,-0.009125,-0.069755,-0.008924,0.000042,-9.786145,-9.786103
1.000000,-0.069809,-0.002285,-0.069810,-0.002077,0.000003,-9.786106,-9.786103
1.010000,-0.069798,0.004558,-0.069797,0.004771,0.000010,-9.786114,-9.786103
1.020000,-0.069718,0.011396,-0.069715,0.011614,0.000065,-9.786168,-9.786103
1.030000,-0.069570,0.018223,-0.069564,0.018447,0.000166,-9.786269,-9.786103
1.040000,-0.069354,0.025033,-0.069346,0.025261,0.000313,-9.786417,-9.786103
1.050000,-0.069070,0.031817,-0.069059,0.032050,0.000506,-9.786610,-9.786103
1.060000,-0.068718,0.038571,-0.068705,0.038808,0.000744,-9.786847,-9.786103
1.070000,-0.068298,0.045287,-0.068283,0.045528,0.001025,-9.787129,-9.786103
1.080000,-0.067812,0.051959,-0.067794,0.052203,0.001350,-9.787453,-9.786103
1.090000,-0.067259,0.058579,-0.067239,0.058827,0.001716,-9.787819,-9.786103
1.100000,-0.066641,0.065143,-0.066618,0.065393,0.002122,-9.788225,-9.786103
1.110000,-0.065957,0.071642,-0.065932,0.071895,0.002566,-9.788670,-9.786103
1.120000,-0.065208,0.078072,-0.065180,0.078327,0.003048,-9.789151,-9.786103
1.130000,-0.064395,0.084425,-0.064365,0.084681,0.003564,-9.789667,-9.786103
1.140000,-0.063520,0.090696,-0.063487,0.090953,0.004113,-9.790216,-9.786103
1.150000,-0.062582,0.096877,-0.062547,0.097136,0.004693,-9.790796,-9.786103
1.160000,-0.061583,0.102964,-0.061545,0.103223,0.005301,-9.791404,-9.786103
1.170000,-0.060523,0.108950,-0.060482,0.109209,0.005935,-9.792038,-9.786103
1.180000,-0.059404,0.114829,-0.059361,0.115087,0.006593,-9.792696,-9.786103
1.190000,-0.058227,0.120596,-0.058181,0.120853,0.007272,-9.793375,-9.786103
1.200000,-0.056992,0.126245,-0.056944,0.126501,0.007969,-9.794072,-9.786103
1.210000,-0.055702,0.131770,-0.055651,0.132024,0.008682,-9.794785,-9.786103
1.220000,-0.054357,0.137167,-0.054304,0.137418,0.009407,-9.795511,-9.786103
1.230000,-0.052959,0.142428,-0.052904,0.142677,0.010143,-9.796246,-9.786103
1.240000,-0.051509,0.147551,-0.051451,0.147796,0.010886,-9.796989,-9.786103
1.250000,-0.050009,0.152528,-0.049948,0.152770,0.011632,-9.797736,-9.786103
1.260000,-0.048459,0.157357,-0.048396,0.157594,0.012381,-9.798484,-9.786103
1.270000,-0.046862,0.162031,-0.046797,0.162264,0.013127,-9.799230,-9.786103
1.280000,-0.045219,0.166546,-0.045151,0.166774,0.013869,-9.799972,-9.786103
1.290000,-0.043532,0.170898,-0.043462,0.171121,0.014603,-9.800706,-9.786103
1.300000,-0.041802,0.175083,-0.041730,0.175300,0.015327,-9.801430,-9.786103
1.310000,-0.040031,0.179096,-0.039956,0.179307,0.016038,-9.802141,-9.786103
1.320000,-0.038220,0.182934,-0.038144,0.183138,0.016732,-9.802836,-9.786103
1.330000,-0.036373,0.186592,-0.036294,0.186789,0.017408,-9.803512,-9.786103
1.340000,-0.034489,0.190067,-0.034409,0.190258,0.018063,-9.804166,-9.786103
1.350000,-0.032572,0.193356,-0.032490,0.193539,0.018693,-9.804797,-9.786103
1.360000,-0.030623,0.196455,-0.030539,0.196631,0.019297,-9.805401,-9.786103
1.370000,-0.028643,0.199362,-0.028558,0.199530,0.019873,-9.805976,-9.786103
1.380000,-0.026636,0.202074,-0.026549,0.202233,0.020417,-9.806520,-9.786103
1.390000,-0.024603,0.204587,-0.024514,0.204738,0.020928,-9.807031,-9.786103
1.400000,-0.022545,0.206899,-0.022455,0.207042,0.021404,-9.807507,-9.786103
1.410000,-0.020465,0.209009,-0.020374,0.209143,0.021842,-9.807946,-9.786103
1.420000,-0.018365,0.210914,-0.018272,0.211039,0.022242,-9.808346,-9.786103
1.430000,-0.016248,0.212612,-0.016153,0.212727,0.022602,-9.808705,-9.786103
1.440000,-0.014114,0.214101,-0.014019,0.214208,0.022920,-9.809023,-9.786103
1.450000,-0.011966,0.215380,-0.011870,0.215477,0.023194,-9.809298,-9.786103
1.460000,-0.009807,0.216448,-0.009710,0.216536,0.023425,-9.809528,-9.786103
1.470000,-0.007638,0.217304,-0.007540,0.217382,0.023611,-9.809714,-9.786103
1.480000,-0.005462,0.217947,-0.005363,0.218015,0.023750,-9.809854,-9.786103
1.490000,-0.003280,0.218375,-0.003180,0.218434,0.023844,-9.809947,-9.786103
1.500000,-0.001095,0.218590,-0.000995,0.218639,0.023891,-9.809994,-9.786103
1.510000,0.001091,0.218590,0.001192,0.218629,0.023891,-9.809994,-9.786103
1.520000,0.003276,0.218376,0.003377,0.218405,0.023844,-9.809947,-9.786103
1.530000,0.005458,0.217947,0.005559,0.217967,0.023751,-9.809854,-9.786103
1.540000,0.007634,0.217305,0.007736,0.217315,0.023611,-9.809714,-9.786103
1.550000,0.009803,0.216450,0.009905,0.216449,0.023425,-9.809529,-9.786103
1.560000,0.011963,0.215382,0.012064,0.215372,0.023195,-9.809298,-9.786103
1.570000,0.014110,0.214103,0.014211,0.214083,0.022920,-9.809023,-9.786103
1.580000,0.016244,0.212614,0.016345,0.212584,0.022602,-9.808706,-9.786103
1.590000,0.018362,0.210917,0.018462,0.210877,0.022243,-9.808346,-9.786103
1.600000,0.020462,0.209012,0.020562,0.208962,0.021843,-9.807946,-9.786103
1.610000,0.022541,0.206903,0.022641,0.206843,0.021404,-9.807508,-9.786103
1.620000,0.024599,0.204591,0.024698,0.204521,0.020929,-9.807032,-9.786103
1.630000,0.026633,0.202078,0.026731,0.201998,0.020418,-9.806521,-9.786103
1.640000,0.028640,0.199367,0.028737,0.199277,0.019874,-9.805977,-9.786103
1.650000,0.030619,0.196461,0.030716,0.196361,0.019298,-9.805402,-9.786103
1.660000,0.032569,0.193361,0.032664,0.193252,0.018694,-9.804798,-9.786103
1.670000,0.034486,0.190073,0.034580,0.189953,0.018064,-9.804167,-9.786103
1.680000,0.036369,0.186598,0.036462,0.186468,0.017409,-9.803513,-9.786103
1.690000,0.038217,0.182940,0.038309,0.182800,0.016733,-9.802837,-9.786103
1.700000,0.040028,0.179103,0.040118,0.178953,0.016039,-9.802142,-9.786103
1.710000,0.041799,0.175090,0.041887,0.174931,0.015328,-9.801432,-9.786103
1.720000,0.043529,0.170905,0.043616,0.170736,0.014604,-9.800708,-9.786103
1.730000,0.045216,0.166554,0.045301,0.166375,0.013870,-9.799973,-9.786103
1.740000,0.046859,0.162038,0.046943,0.161850,0.013128,-9.799232,-9.786103
1.750000,0.048457,0.157365,0.048538,0.157166,0.012382,-9.798485,-9.786103
1.760000,0.050006,0.152537,0.050085,0.152328,0.011634,-9.797737,-9.786103
1.770000,0.051507,0.147559,0.051584,0.147341,0.010887,-9.796990,-9.786103
1.780000,0.052957,0.142437,0.053032,0.142209,0.010144,-9.796247,-9.786103
1.790000,0.054355,0.137176,0.054428,0.136938,0.009409,-9.795512,-9.786103
1.800000,0.055700,0.131780,0.055770,0.131532,0.008683,-9.794786,-9.786103
1.810000,0.056990,0.126255,0.057058,0.125997,0.007970,-9.794073,-9.786103
1.820000,0.058225,0.120606,0.058290,0.120339,0.007273,-9.793376,-9.786103
1.830000,0.059402,0.114839,0.059464,0.114563,0.006594,-9.792697,-9.786103
1.840000,0.060521,0.108960,0.060580,0.108674,0.005936,-9.792039,-9.786103
1.850000,0.061581,0.102974,0.061637,0.102679,0.005302,-9.791405,-9.786103
1.860000,0.062580,0.096888,0.062634,0.096583,0.004694,-9.790797,-9.786103
1.870000,0.063518,0.090706,0.063569,0.090392,0.004114,-9.790217,-9.786103
1.880000,0.064394,0.084436,0.064441,0.084113,0.003565,-9.789668,-9.786103
1.890000,0.065207,0.078083,0.065251,0.077751,0.003048,-9.789152,-9.786103
1.900000,0.065955,0.071653,0.065996,0.071313,0.002567,-9.788670,-9.786103
1.910000,0.066639,0.065154,0.066677,0.064805,0.002123,-9.788226,-9.786103
1.920000,0.067258,0.058590,0.067292,0.058233,0.001716,-9.787820,-9.786103
1.930000,0.067811,0.051970,0.067841,0.051604,0.001350,-9.787454,-9.786103
1.940000,0.068297,0.045298,0.068324,0.044925,0.001026,-9.787129,-9.786103
1.950000,0.068717,0.038582,0.068740,0.038201,0.000744,-9.786848,-9.786103
1.960000,0.069069,0.031829,0.069088,0.031440,0.000507,-9.786610,-9.786103
1.970000,0.069353,0.025044,0.069368,0.024648,0.000314,-9.786417,-9.786103
1.980000,0.069570,0.018235,0.069581,0.017832,0.000166,-9.786270,-9.786103
1.990000,0.069718,0.011408,0.069725,0.010999,0.000065,-9.786168,-9.786103
2.000000,0.069798,0.004569,0.069801,0.004155,0.000010,-9.786114,-9.786103
2.010000,0.069809,-0.002273,0.069808,-0.002694,0.000003,-9.786106,-9.786103
2.020000,0.069752,-0.009114,0.069747,-0.009539,0.000042,-9.786145,-9.786103
2.030000,0.069627,-0.015945,0.069617,-0.016376,0.000127,-9.786230,-9.786103
2.040000,0.069434,-0.022761,0.069419,-0.023196,0.000259,-9.786362,-9.786103
2.050000,0.069172,-0.029555,0.069153,-0.029994,0.000437,-9.786540,-9.786103
2.060000,0.068843,-0.036320,0.068819,-0.036762,0.000660,-9.786763,-9.786103
2.070000,0.068446,-0.043049,0.068418,-0.043494,0.000927,-9.787030,-9.786103
2.080000,0.067982,-0.049736,0.067950,-0.050183,0.001237,-9.787340,-9.786103
2.090000,0.067451,-0.056375,0.067415,-0.056823,0.001589,-9.787692,-9.786103
2.100000,0.066854,-0.062958,0.066813,-0.063408,0.001982,-9.788085,-9.786103
2.110000,0.066192,-0.069480,0.066147,-0.069930,0.002414,-9.788517,-9.786103
2.120000,0.065465,-0.075933,0.065415,-0.076384,0.002883,-9.788986,-9.786103
2.130000,0.064674,-0.082313,0.064619,-0.082762,0.003388,-9.789491,-9.786103
2.140000,0.063819,-0.088611,0.063760,-0.089060,0.003926,-9.790029,-9.786103
2.150000,0.062902,-0.094823,0.062838,-0.095270,0.004496,-9.790599,-9.786103
2.160000,0.061923,-0.100943,0.061855,-0.101387,0.005095,-9.791198,-9.786103
2.170000,0.060883,-0.106963,0.060811,-0.107404,0.005721,-9.791824,-9.786103
2.180000,0.059784,-0.112879,0.059707,-0.113316,0.006371,-9.792474,-9.786103
2.190000,0.058626,-0.118684,0.058545,-0.119117,0.007043,-9.793146,-9.786103
2.200000,0.057411,-0.124373,0.057325,-0.124801,0.007734,-9.793838,-9.786103
2.210000,0.056139,-0.129940,0.056049,-0.130362,0.008442,-9.794545,-9.786103
2.220000,0.054812,-0.135379,0.054719,-0.135796,0.009164,-9.795267,-9.786103
2.230000,0.053432,-0.140687,0.053334,-0.141096,0.009896,-9.796000,-9.786103
2.240000,0.051999,-0.145856,0.051897,-0.146258,0.010637,-9.796740,-9.786103
2.250000,0.050515,-0.150883,0.050409,-0.151277,0.011383,-9.797486,-9.786103
2.260000,0.048982,-0.155761,0.048872,-0.156147,0.012131,-9.798234,-9.786103
2.270000,0.047401,-0.160487,0.047287,-0.160864,0.012878,-9.798981,-9.786103
2.280000,0.045773,-0.165056,0.045655,-0.165423,0.013622,-9.799725,-9.786103
2.290000,0.044100,-0.169463,0.043979,-0.169820,0.014359,-9.800462,-9.786103
2.300000,0.042384,-0.173705,0.042259,-0.174050,0.015087,-9.801190,-9.786103
2.310000,0.040626,-0.177775,0.040498,-0.178110,0.015802,-9.801905,-9.786103
2.320000,0.038829,-0.181672,0.038698,-0.181995,0.016502,-9.802606,-9.786103
2.330000,0.036994,-0.185390,0.036859,-0.185701,0.017185,-9.803288,-9.786103
2.340000,0.035122,-0.188927,0.034984,-0.189225,0.017847,-9.803950,-9.786103
2.350000,0.033216,-0.192279,0.033075,-0.192564,0.018486,-9.804589,-9.786103
2.360000,0.031277,-0.195442,0.031134,-0.195714,0.019099,-9.805202,-9.786103
2.370000,0.029307,-0.198413,0.029162,-0.198671,0.019684,-9.805787,-9.786103
2.380000,0.027309,-0.201190,0.027161,-0.201434,0.020239,-9.806342,-9.786103
2.390000,0.025284,-0.203770,0.025134,-0.203999,0.020761,-9.806864,-9.786103
2.400000,0.023235,-0.206150,0.023082,-0.206365,0.021249,-9.807352,-9.786103
2.410000,0.021162,-0.208327,0.021007,-0.208527,0.021700,-9.807803,-9.786103
2.420000,0.019069,-0.210301,0.018912,-0.210485,0.022113,-9.808217,-9.786103
2.430000,0.016957,-0.212068,0.016798,-0.212237,0.022486,-9.808590,-9.786103
2.440000,0.014828,-0.213627,0.014668,-0.213781,0.022818,-9.808922,-9.786103
2.450000,0.012685,-0.214976,0.012523,-0.215115,0.023107,-9.809211,-9.786103
2.460000,0.010529,-0.216115,0.010366,-0.216237,0.023353,-9.809456,-9.786103
2.470000,0.008363,-0.217042,0.008199,-0.217148,0.023554,-9.809657,-9.786103
2.480000,0.006189,-0.217756,0.006024,-0.217846,0.023709,-9.809812,-9.786103
2.490000,0.004009,-0.218256,0.003843,-0.218330,0.023818,-9.809921,-9.786103
2.500000,0.001825,-0.218542,0.001658,-0.218600,0.023880,-9.809984,-9.786103
2.510000,-0.000361,-0.218614,-0.000528,-0.218655,0.023896,-9.809999,-9.786103
2.520000,-0.002547,-0.218471,-0.002714,-0.218496,0.023865,-9.809968,-9.786103
2.530000,-0.004730,-0.218114,-0.004898,-0.218123,0.023787,-9.809890,-9.786103
2.540000,-0.006908,-0.217543,-0.007076,-0.217535,0.023663,-9.809766,-9.786103
2.550000,-0.009080,-0.216759,-0.009248,-0.216734,0.023492,-9.809596,-9.786103
2.560000,-0.011243,-0.215762,-0.011410,-0.215721,0.023277,-9.809380,-9.786103
2.570000,-0.013395,-0.214554,-0.013561,-0.214496,0.023017,-9.809120,-9.786103
2.580000,-0.015533,-0.213135,-0.015699,-0.213061,0.022713,-9.808817,-9.786103
2.590000,-0.017657,-0.211507,-0.017822,-0.211416,0.022368,-9.808471,-9.786103
2.600000,-0.019763,-0.209671,-0.019927,-0.209565,0.021981,-9.808084,-9.786103
2.610000,-0.021849,-0.207630,-0.022012,-0.207507,0.021555,-9.807658,-9.786103
2.620000,-0.023915,-0.205385,-0.024076,-0.205247,0.021092,-9.807195,-9.786103
2.630000,-0.025956,-0.202939,-0.026117,-0.202784,0.020592,-9.806696,-9.786103
2.640000,-0.027973,-0.200294,-0.028131,-0.200123,0.020059,-9.806162,-9.786103
2.650000,-0.029962,-0.197453,-0.030119,-0.197266,0.019494,-9.805597,-9.786103
2.660000,-0.031921,-0.194417,-0.032076,-0.194215,0.018899,-9.805002,-9.786103
2.670000,-0.033849,-0.191192,-0.034002,-0.190974,0.018277,-9.804380,-9.786103
2.680000,-0.035744,-0.187779,-0.035895,-0.187545,0.017630,-9.803734,-9.786103
2.690000,-0.037604,-0.184181,-0.037752,-0.183932,0.016961,-9.803065,-9.786103
2.700000,-0.039427,-0.180404,-0.039573,-0.180139,0.016273,-9.802376,-9.786103
2.710000,-0.041212,-0.176449,-0.041355,-0.176169,0.015567,-9.801670,-9.786103
2.720000,-0.042956,-0.172321,-0.043096,-0.172027,0.014847,-9.800951,-9.786103
2.730000,-0.044658,-0.168025,-0.044795,-0.167715,0.014116,-9.800220,-9.786103
2.740000,-0.046316,-0.163564,-0.046450,-0.163239,0.013377,-9.799480,-9.786103
2.750000,-0.047928,-0.158943,-0.048059,-0.158603,0.012631,-9.798735,-9.786103
2.760000,-0.049494,-0.154166,-0.049621,-0.153812,0.011884,-9.797987,-9.786103
2.770000,-0.051011,-0.149237,-0.051135,-0.148869,0.011136,-9.797239,-9.786103
2.780000,-0.052478,-0.144163,-0.052598,-0.143781,0.010391,-9.796495,-9.786103
2.790000,-0.053894,-0.138948,-0.054010,-0.138551,0.009653,-9.795757,-9.786103
2.800000,-0.055257,-0.133596,-0.055369,-0.133186,0.008924,-9.795027,-9.786103
2.810000,-0.056566,-0.128113,-0.056673,-0.127690,0.008207,-9.794310,-9.786103
2.820000,-0.057819,-0.122505,-0.057922,-0.122068,0.007504,-9.793607,-9.786103
2.830000,-0.059015,-0.116778,-0.059114,-0.116327,0.006819,-9.792922,-9.786103
2.840000,-0.060154,-0.110935,-0.060248,-0.110472,0.006153,-9.792257,-9.786103
2.850000,-0.061234,-0.104984,-0.061323,-0.104508,0.005511,-9.791614,-9.786103
2.860000,-0.062253,-0.098931,-0.062338,-0.098442,0.004894,-9.790997,-9.786103
2.870000,-0.063212,-0.092780,-0.063292,-0.092280,0.004304,-9.790407,-9.786103
2.880000,-0.064109,-0.086539,-0.064183,-0.086027,0.003744,-9.789848,-9.786103
2.890000,-0.064942,-0.080213,-0.065012,-0.079689,0.003217,-9.789320,-9.786103
2.900000,-0.065713,-0.073808,-0.065777,-0.073273,0.002724,-9.788827,-9.786103
2.910000,-0.066418,-0.067331,-0.066477,-0.066786,0.002267,-9.788370,-9.786103
2.920000,-0.067059,-0.060789,-0.067112,-0.060233,0.001848,-9.787951,-9.786103
2.930000,-0.067634,-0.054186,-0.067682,-0.053621,0.001468,-9.787571,-9.786103
2.940000,-0.068142,-0.047531,-0.068184,-0.046956,0.001130,-9.787233,-9.786103
2.950000,-0.068584,-0.040829,-0.068621,-0.040245,0.000834,-9.786937,-9.786103
2.960000,-0.068959,-0.034088,-0.068989,-0.033495,0.000581,-9.786684,-9.786103
2.970000,-0.069266,-0.027313,-0.069290,-0.026711,0.000373,-9.786476,-9.786103
2.980000,-0.069505,-0.020511,-0.069523,-0.019902,0.000210,-9.786314,-9.786103
2.990000,-0.069676,-0.013689,-0.069688,-0.013073,0.000094,-9.786197,-9.786103
3.000000,-0.069779,-0.006854,-0.069785,-0.006231,0.000023,-9.786127,-9.786103
3.010000,-0.069813,-0.000012,-0.069813,0.000616,0.000000,-9.786103,-9.786103
3.020000,-0.069779,0.006830,-0.069772,0.007464,0.000023,-9.786127,-9.786103
3.030000,-0.069677,0.013666,-0.069664,0.014303,0.000093,-9.786197,-9.786103
3.040000,-0.069506,0.020488,-0.069486,0.021129,0.000210,-9.786313,-9.786103
3.050000,-0.069267,0.027290,-0.069241,0.027935,0.000372,-9.786476,-9.786103
3.060000,-0.068960,0.034065,-0.068928,0.034712,0.000580,-9.786684,-9.786103
3.070000,-0.068586,0.040807,-0.068547,0.041456,0.000833,-9.786936,-9.786103
3.080000,-0.068144,0.047509,-0.068099,0.048159,0.001129,-9.787232,-9.786103
3.090000,-0.067636,0.054164,-0.067584,0.054815,0.001467,-9.787570,-9.786103
3.100000,-0.067061,0.060766,-0.067003,0.061417,0.001846,-9.787950,-9.786103
3.110000,-0.066421,0.067309,-0.066356,0.067959,0.002265,-9.788369,-9.786103
3.120000,-0.065715,0.073786,-0.065644,0.074434,0.002722,-9.788826,-9.786103
3.130000,-0.064945,0.080191,-0.064867,0.080836,0.003215,-9.789319,-9.786103
3.140000,-0.064111,0.086518,-0.064027,0.087159,0.003743,-9.789846,-9.786103
3.150000,-0.063215,0.092759,-0.063125,0.093396,0.004302,-9.790405,-9.786103
3.160000,-0.062257,0.098910,-0.062160,0.099542,0.004892,-9.790995,-9.786103
3.170000,-0.061237,0.104964,-0.061134,0.105590,0.005509,-9.791612,-9.786103
3.180000,-0.060158,0.110915,-0.060048,0.111534,0.006151,-9.792254,-9.786103
3.190000,-0.059019,0.116758,-0.058904,0.117369,0.006816,-9.792920,-9.786103
3.200000,-0.057823,0.122486,-0.057701,0.123089,0.007501,-9.793605,-9.786103
3.210000,-0.056570,0.128095,-0.056442,0.128688,0.008204,-9.794307,-9.786103
3.220000,-0.055261,0.133578,-0.055128,0.134161,0.008921,-9.795025,-9.786103
3.230000,-0.053899,0.138930,-0.053760,0.139503,0.009651,-9.795754,-9.786103
3.240000,-0.052483,0.144146,-0.052338,0.144707,0.010389,-9.796492,-9.786103
3.250000,-0.051016,0.149220,-0.050866,0.149770,0.011133,-9.797237,-9.786103
3.260000,-0.049499,0.154149,-0.049343,0.154685,0.011881,-9.797984,-9.786103
3.270000,-0.047934,0.158927,-0.047773,0.159449,0.012629,-9.798732,-9.786103
3.280000,-0.046321,0.163549,-0.046155,0.164057,0.013374,-9.799477,-9.786103
3.290000,-0.044663,0.168010,-0.044492,0.168504,0.014114,-9.800217,-9.786103
3.300000,-0.042962,0.172307,-0.042785,0.172785,0.014845,-9.800948,-9.786103
3.310000,-0.041218,0.176435,-0.041037,0.176897,0.015565,-9.801668,-9.786103
3.320000,-0.039434,0.180390,-0.039248,0.180835,0.016270,-9.802374,-9.786103
3.330000,-0.037611,0.184169,-0.037421,0.184596,0.016959,-9.803062,-9.786103
3.340000,-0.035751,0.187767,-0.035557,0.188176,0.017628,-9.803732,-9.786103
3.350000,-0.033856,0.191181,-0.033658,0.191571,0.018275,-9.804378,-9.786103
3.360000,-0.031928,0.194407,-0.031726,0.194778,0.018897,-9.805000,-9.786103
3.370000,-0.029968,0.197443,-0.029763,0.197795,0.019492,-9.805595,-9.786103
3.380000,-0.027980,0.200285,-0.027771,0.200617,0.020057,-9.806160,-9.786103
3.390000,-0.025963,0.202931,-0.025751,0.203242,0.020590,-9.806694,-9.786103
3.400000,-0.023922,0.205377,-0.023707,0.205668,0.021090,-9.807193,-9.786103
3.410000,-0.021856,0.207623,-0.021639,0.207893,0.021554,-9.807657,-9.786103
3.420000,-0.019770,0.209665,-0.019549,0.209913,0.021980,-9.808083,-9.786103
3.430000,-0.017664,0.211501,-0.017441,0.211728,0.022366,-9.808470,-9.786103
3.440000,-0.015541,0.213130,-0.015316,0.213335,0.022712,-9.808815,-9.786103
3.450000,-0.013402,0.214549,-0.013175,0.214732,0.023016,-9.809119,-9.786103
3.460000,-0.011250,0.215758,-0.011022,0.215919,0.023276,-9.809379,-9.786103
3.470000,-0.009087,0.216756,-0.008857,0.216894,0.023492,-9.809595,-9.786103
3.480000,-0.006916,0.217541,-0.006684,0.217657,0.023662,-9.809765,-9.786103
3.490000,-0.004737,0.218113,-0.004505,0.218206,0.023787,-9.809890,-9.786103
3.500000,-0.002554,0.218470,-0.002321,0.218540,0.023865,-9.809968,-9.786103
3.510000,-0.000369,0.218614,-0.000135,0.218661,0.023896,-9.809999,-9.786103
3.520000,0.001817,0.218543,0.002051,0.218567,0.023880,-9.809984,-9.786103
3.530000,0.004001,0.218257,0.004236,0.218258,0.023818,-9.809921,-9.786103
3.540000,0.006182,0.217758,0.006416,0.217736,0.023709,-9.809813,-9.786103
3.550000,0.008356,0.217045,0.008590,0.217000,0.023554,-9.809658,-9.786103
3.560000,0.010522,0.216119,0.010755,0.216051,0.023354,-9.809457,-9.786103
3.570000,0.012678,0.214981,0.012910,0.214890,0.023108,-9.809212,-9.786103
3.580000,0.014821,0.213632,0.015052,0.213518,0.022819,-9.808923,-9.786103
3.590000,0.016950,0.212073,0.017180,0.211937,0.022488,-9.808591,-9.786103
3.600000,0.019062,0.210307,0.019290,0.210148,0.022115,-9.808218,-9.786103
3.610000,0.021155,0.208334,0.021382,0.208153,0.021702,-9.807805,-9.786103
3.620000,0.023228,0.206157,0.023453,0.205954,0.021250,-9.807354,-9.786103
3.630000,0.025277,0.203778,0.025500,0.203552,0.020763,-9.806866,-9.786103
3.640000,0.027302,0.201199,0.027523,0.200951,0.020241,-9.806344,-9.786103
3.650000,0.029301,0.198423,0.029519,0.198153,0.019686,-9.805789,-9.786103
3.660000,0.031270,0.195452,0.031486,0.195161,0.019101,-9.805204,-9.786103
3.670000,0.033209,0.192290,0.033421,0.191977,0.018488,-9.804591,-9.786103
3.680000,0.035115,0.188939,0.035324,0.188605,0.017849,-9.803952,-9.786103
3.690000,0.036987,0.185403,0.037193,0.185047,0.017187,-9.803290,-9.786103
3.700000,0.038823,0.181685,0.039025,0.181308,0.016505,-9.802608,-9.786103
3.710000,0.040620,0.177789,0.040818,0.177392,0.015804,-9.801908,-9.786103
3.720000,0.042378,0.173719,0.042572,0.173301,0.015089,-9.801192,-9.786103
3.730000,0.044094,0.169478,0.044284,0.169041,0.014361,-9.800465,-9.786103
3.740000,0.045767,0.165072,0.045952,0.164614,0.013624,-9.799728,-9.786103
3.750000,0.047395,0.160503,0.047576,0.160026,0.012881,-9.798984,-9.786103
3.760000,0.048977,0.155778,0.049152,0.155281,0.012133,-9.798237,-9.786103
3.770000,0.050510,0.150899,0.050681,0.150384,0.011385,-9.797489,-9.786103
3.780000,0.051994,0.145873,0.052159,0.145339,0.010640,-9.796743,-9.786103
3.790000,0.053427,0.140704,0.053587,0.140152,0.009899,-9.796002,-9.786103
3.800000,0.054808,0.135398,0.054962,0.134827,0.009166,-9.795270,-9.786103
3.810000,0.056135,0.129958,0.056283,0.129370,0.008445,-9.794548,-9.786103
3.820000,0.057407,0.124392,0.057549,0.123786,0.007737,-9.793840,-9.786103
3.830000,0.058622,0.118703,0.058758,0.118081,0.007045,-9.793149,-9.786103
3.840000,0.059780,0.112898,0.059910,0.112260,0.006373,-9.792476,-9.786103
3.850000,0.060880,0.106983,0.061003,0.106329,0.005723,-9.791826,-9.786103
3.860000,0.061920,0.100963,0.062037,0.100293,0.005097,-9.791200,-9.786103
3.870000,0.062899,0.094844,0.063009,0.094159,0.004498,-9.790601,-9.786103
3.880000,0.063816,0.088633,0.063919,0.087933,0.003928,-9.790031,-9.786103
3.890000,0.064671,0.082334,0.064767,0.081620,0.003389,-9.789493,-9.786103
3.900000,0.065463,0.075955,0.065552,0.075227,0.002885,-9.788988,-9.786103
3.910000,0.066190,0.069502,0.066272,0.068761,0.002415,-9.788519,-9.786103
3.920000,0.066852,0.062980,0.066927,0.062227,0.001983,-9.788087,-9.786103
3.930000,0.067449,0.056397,0.067516,0.055632,0.001590,-9.787694,-9.786103
3.940000,0.067980,0.049759,0.068039,0.048983,0.001238,-9.787341,-9.786103
3.950000,0.068444,0.043072,0.068495,0.042285,0.000928,-9.787031,-9.786103
3.960000,0.068841,0.036343,0.068885,0.035546,0.000660,-9.786764,-9.786103
3.970000,0.069171,0.029578,0.069206,0.028772,0.000437,-9.786541,-9.786103
3.980000,0.069433,0.022784,0.069460,0.021970,0.000260,-9.786363,-9.786103
3.990000,0.069627,0.015968,0.069645,0.015146,0.000127,-9.786231,-9.786103
4.000000,0.069752,0.009137,0.069763,0.008308,0.000042,-9.786145,-9.786103
4.010000,0.069809,0.002296,0.069812,0.001461,0.000003,-9.786106,-9.786103
4.020000,0.069798,-0.004546,0.069792,-0.005387,0.000010,-9.786114,-9.786103
4.030000,0.069718,-0.011385,0.069704,-0.012230,0.000065,-9.786168,-9.786103
4.040000,0.069570,-0.018212,0.069547,-0.019061,0.000166,-9.786269,-9.786103
4.050000,0.069354,-0.025021,0.069323,-0.025873,0.000313,-9.786416,-9.786103
4.060000,0.069070,-0.031806,0.069030,-0.032660,0.000506,-9.786609,-9.786103
4.070000,0.068718,-0.038560,0.068670,-0.039414,0.000743,-9.786847,-9.786103
4.080000,0.068299,-0.045276,0.068242,-0.046130,0.001025,-9.787128,-9.786103
4.090000,0.067813,-0.051947,0.067747,-0.052801,0.001349,-9.787453,-9.786103
4.100000,0.067260,-0.058568,0.067186,-0.059420,0.001715,-9.787818,-9.786103
4.110000,0.066642,-0.065132,0.066559,-0.065981,0.002121,-9.788224,-9.786103
4.120000,0.065958,-0.071631,0.065867,-0.072477,0.002566,-9.788669,-9.786103
4.130000,0.065209,-0.078061,0.065110,-0.078902,0.003047,-9.789150,-9.786103
4.140000,0.064397,-0.084414,0.064289,-0.085249,0.003563,-9.789666,-9.786103
4.150000,0.063521,-0.090685,0.063405,-0.091513,0.004112,-9.790215,-9.786103
4.160000,0.062583,-0.096867,0.062459,-0.097687,0.004692,-9.790795,-9.786103
4.170000,0.061584,-0.102954,0.061452,-0.103766,0.005300,-9.791403,-9.786103
4.180000,0.060525,-0.108940,0.060384,-0.109742,0.005934,-9.792037,-9.786103
4.190000,0.059406,-0.114820,0.059257,-0.115611,0.006592,-9.792695,-9.786103
4.200000,0.058229,-0.120587,0.058072,-0.121367,0.007271,-9.793374,-9.786103
4.210000,0.056994,-0.126236,0.056830,-0.127003,0.007968,-9.794071,-9.786103
4.220000,0.055704,-0.131761,0.055532,-0.132515,0.008680,-9.794784,-9.786103
4.230000,0.054360,-0.137157,0.054180,-0.137897,0.009406,-9.795509,-9.786103
4.240000,0.052962,-0.142419,0.052775,-0.143143,0.010142,-9.796245,-9.786103
4.250000,0.051512,-0.147542,0.051318,-0.148249,0.010884,-9.796988,-9.786103
4.260000,0.050011,-0.152520,0.049810,-0.153210,0.011631,-9.797735,-9.786103
4.270000,0.048462,-0.157349,0.048254,-0.158021,0.012379,-9.798483,-9.786103
4.280000,0.046865,-0.162023,0.046651,-0.162676,0.013126,-9.799229,-9.786103
4.290000,0.045222,-0.166539,0.045001,-0.167172,0.013868,-9.799971,-9.786103
4.300000,0.043535,-0.170891,0.043308,-0.171504,0.014602,-9.800705,-9.786103
4.310000,0.041805,-0.175076,0.041572,-0.175668,0.015326,-9.801429,-9.786103
4.320000,0.040034,-0.179089,0.039795,-0.179659,0.016036,-9.802140,-9.786103
4.330000,0.038223,-0.182927,0.037979,-0.183474,0.016731,-9.802835,-9.786103
4.340000,0.036376,-0.186586,0.036126,-0.187109,0.017407,-9.803510,-9.786103
4.350000,0.034492,-0.190061,0.034237,-0.190561,0.018062,-9.804165,-9.786103
4.360000,0.032575,-0.193351,0.032315,-0.193825,0.018692,-9.804796,-9.786103
4.370000,0.030626,-0.196450,0.030362,-0.196900,0.019296,-9.805400,-9.786103
4.380000,0.028647,-0.199358,0.028378,-0.199781,0.019872,-9.805975,-9.786103
4.390000,0.026639,-0.202069,0.026367,-0.202467,0.020416,-9.806519,-9.786103
4.400000,0.024606,-0.204583,0.024329,-0.204954,0.020927,-9.807030,-9.786103
4.410000,0.022548,-0.206896,0.022268,-0.207240,0.021403,-9.807506,-9.786103
4.420000,0.020469,-0.209006,0.020185,-0.209322,0.021842,-9.807945,-9.786103
4.430000,0.018369,-0.210911,0.018082,-0.211199,0.022242,-9.808345,-9.786103
4.440000,0.016251,-0.212609,0.015962,-0.212869,0.022601,-9.808705,-9.786103
4.450000,0.014118,-0.214099,0.013826,-0.214330,0.022919,-9.809022,-9.786103
4.460000,0.011970,-0.215378,0.011676,-0.215581,0.023194,-9.809297,-9.786103
4.470000,0.009811,-0.216447,0.009515,-0.216621,0.023425,-9.809528,-9.786103
4.480000,0.007642,-0.217303,0.007344,-0.217448,0.023610,-9.809714,-9.786103
4.490000,0.005465,-0.217946,0.005167,-0.218062,0.023750,-9.809853,-9.786103
4.500000,0.003284,-0.218375,0.002984,-0.218461,0.023844,-9.809947,-9.786103
4.510000,0.001099,-0.218590,0.000798,-0.218647,0.023891,-9.809994,-9.786103
4.520000,-0.001087,-0.218590,-0.001388,-0.218618,0.023891,-9.809994,-9.786103
4.530000,-0.003273,-0.218376,-0.003574,-0.218375,0.023844,-9.809947,-9.786103
4.540000,-0.005454,-0.217948,-0.005755,-0.217917,0.023751,-9.809854,-9.786103
4.550000,-0.007631,-0.217307,-0.007931,-0.217246,0.023611,-9.809714,-9.786103
4.560000,-0.009800,-0.216451,-0.010099,-0.216361,0.023426,-9.809529,-9.786103
4.570000,-0.011959,-0.215384,-0.012258,-0.215264,0.023195,-9.809298,-9.786103
4.580000,-0.014107,-0.214106,-0.014404,-0.213957,0.022921,-9.809024,-9.786103
4.590000,-0.016240,-0.212617,-0.016536,-0.212439,0.022603,-9.808706,-9.786103
4.600000,-0.018358,-0.210920,-0.018652,-0.210713,0.022244,-9.808347,-9.786103
4.610000,-0.020458,-0.209016,-0.020750,-0.208780,0.021844,-9.807947,-9.786103
4.620000,-0.022538,-0.206907,-0.022827,-0.206642,0.021405,-9.807509,-9.786103
4.630000,-0.024596,-0.204595,-0.024882,-0.204302,0.020930,-9.807033,-9.786103
4.640000,-0.026629,-0.202082,-0.026912,-0.201761,0.020419,-9.806522,-9.786103
4.650000,-0.028637,-0.199372,-0.028916,-0.199023,0.019875,-9.805978,-9.786103
4.660000,-0.030616,-0.196466,-0.030892,-0.196089,0.019299,-9.805403,-9.786103
4.670000,-0.032565,-0.193367,-0.032838,-0.192963,0.018695,-9.804799,-9.786103
4.680000,-0.034483,-0.190079,-0.034751,-0.189647,0.018065,-9.804168,-9.786103
4.690000,-0.036366,-0.186604,-0.036630,-0.186146,0.017410,-9.803514,-9.786103
4.700000,-0.038214,-0.182946,-0.038473,-0.182462,0.016735,-9.802838,-9.786103
4.710000,-0.040025,-0.179109,-0.040279,-0.178598,0.016040,-9.802143,-9.786103
4.720000,-0.041796,-0.175097,-0.042044,-0.174560,0.015329,-9.801433,-9.786103
4.730000,-0.043526,-0.170913,-0.043769,-0.170351,0.014606,-9.800709,-9.786103
4.740000,-0.045213,-0.166561,-0.045451,-0.165974,0.013871,-9.799975,-9.786103
4.750000,-0.046857,-0.162046,-0.047088,-0.161435,0.013129,-9.799233,-9.786103
4.760000,-0.048454,-0.157373,-0.048679,-0.156737,0.012383,-9.798486,-9.786103
4.770000,-0.050004,-0.152545,-0.050222,-0.151885,0.011635,-9.797738,-9.786103
4.780000,-0.051504,-0.147568,-0.051716,-0.146885,0.010888,-9.796991,-9.786103
4.790000,-0.052954,-0.142446,-0.053160,-0.141740,0.010145,-9.796249,-9.786103
4.800000,-0.054353,-0.137185,-0.054551,-0.136457,0.009410,-9.795513,-9.786103
4.810000,-0.055698,-0.131789,-0.055888,-0.131039,0.008684,-9.794787,-9.786103
4.820000,-0.056988,-0.126264,-0.057171,-0.125493,0.007971,-9.794075,-9.786103
4.830000,-0.058223,-0.120616,-0.058398,-0.119824,0.007274,-9.793377,-9.786103
4.840000,-0.059400,-0.114849,-0.059567,-0.114037,0.006595,-9.792698,-9.786103
4.850000,-0.060519,-0.108970,-0.060678,-0.108139,0.005937,-9.792041,-9.786103
4.860000,-0.061579,-0.102984,-0.061730,-0.102134,0.005303,-9.791406,-9.786103
4.870000,-0.062579,-0.096898,-0.062720,-0.096030,0.004695,-9.790798,-9.786103
4.880000,-0.063517,-0.090717,-0.063650,-0.089831,0.004115,-9.790218,-9.786103
4.890000,-0.064393,-0.084446,-0.064517,-0.083544,0.003566,-9.789669,-9.786103
4.900000,-0.065205,-0.078094,-0.065320,-0.077175,0.003049,-9.789153,-9.786103
4.910000,-0.065954,-0.071664,-0.066060,-0.070730,0.002568,-9.788671,-9.786103
4.920000,-0.066638,-0.065165,-0.066735,-0.064216,0.002123,-9.788227,-9.786103
4.930000,-0.067257,-0.058602,-0.067344,-0.057639,0.001717,-9.787820,-9.786103
4.940000,-0.067810,-0.051981,-0.067887,-0.051005,0.001351,-9.787454,-9.786103
4.950000,-0.068297,-0.045310,-0.068364,-0.044321,0.001026,-9.787130,-9.786103
4.960000,-0.068716,-0.038594,-0.068774,-0.037594,0.000745,-9.786848,-9.786103
4.970000,-0.069068,-0.031840,-0.069116,-0.030830,0.000507,-9.786610,-9.786103
4.980000,-0.069353,-0.025056,-0.069390,-0.024036,0.000314,-9.786417,-9.786103
4.990000,-0.069569,-0.018246,-0.069596,-0.017218,0.000166,-9.786270,-9.786103
5.000000,-0.069718,-0.011419,-0.069734,-0.010383,0.000065,-9.786169,-9.786103
5.010000,-0.069798,-0.004581,-0.069804,-0.003538,0.000010,-9.786114,-9.786103
5.020000,-0.069809,0.002262,-0.069805,0.003310,0.000003,-9.786106,-9.786103
5.030000,-0.069753,0.009102,-0.069738,0.010155,0.000041,-9.786145,-9.786103
5.040000,-0.069627,0.015934,-0.069602,0.016990,0.000127,-9.786230,-9.786103
5.050000,-0.069434,0.022750,-0.069398,0.023809,0.000259,-9.786362,-9.786103
5.060000,-0.069172,0.029544,-0.069126,0.030604,0.000436,-9.786540,-9.786103
5.070000,-0.068843,0.036308,-0.068786,0.037369,0.000659,-9.786762,-9.786103
5.080000,-0.068446,0.043038,-0.068379,0.044098,0.000926,-9.787029,-9.786103
5.090000,-0.067983,0.049725,-0.067904,0.050783,0.001236,-9.787340,-9.786103
5.100000,-0.067452,0.056364,-0.067363,0.057418,0.001588,-9.787692,-9.786103
5.110000,-0.066856,0.062947,-0.066756,0.063997,0.001981,-9.788084,-9.786103
5.120000,-0.066193,0.069469,-0.066084,0.070514,0.002413,-9.788516,-9.786103
5.130000,-0.065466,0.075922,-0.065346,0.076961,0.002882,-9.788985,-9.786103
5.140000,-0.064675,0.082302,-0.064545,0.083333,0.003387,-9.789490,-9.786103
5.150000,-0.063821,0.088601,-0.063680,0.089622,0.003925,-9.790028,-9.786103
5.160000,-0.062903,0.094813,-0.062752,0.095824,0.004495,-9.790598,-9.786103
5.170000,-0.061925,0.100932,-0.061764,0.101932,0.005094,-9.791197,-9.786103
5.180000,-0.060885,0.106953,-0.060714,0.107940,0.005719,-9.791823,-9.786103
5.190000,-0.059786,0.112869,-0.059605,0.113843,0.006370,-9.792473,-9.786103
5.200000,-0.058628,0.118674,-0.058438,0.119633,0.007042,-9.793145,-9.786103
5.210000,-0.057413,0.124363,-0.057213,0.125306,0.007733,-9.793836,-9.786103
5.220000,-0.056141,0.129930,-0.055932,0.130856,0.008441,-9.794544,-9.786103
5.230000,-0.054815,0.135370,-0.054596,0.136278,0.009163,-9.795266,-9.786103
5.240000,-0.053434,0.140678,-0.053207,0.141566,0.009895,-9.795998,-9.786103
5.250000,-0.052002,0.145847,-0.051765,0.146716,0.010636,-9.796739,-9.786103
5.260000,-0.050518,0.150874,-0.050273,0.151721,0.011382,-9.797485,-9.786103
5.270000,-0.048985,0.155753,-0.048731,0.156578,0.012130,-9.798233,-9.786103
5.280000,-0.047403,0.160480,-0.047142,0.161281,0.012877,-9.798980,-9.786103
5.290000,-0.045776,0.165049,-0.045506,0.165825,0.013621,-9.799724,-9.786103
5.300000,-0.044103,0.169456,-0.043826,0.170207,0.014358,-9.800461,-9.786103
5.310000,-0.042387,0.173697,-0.042103,0.174423,0.015085,-9.801189,-9.786103
5.320000,-0.040629,0.177769,-0.040338,0.178467,0.015801,-9.801904,-9.786103
5.330000,-0.038832,0.181665,-0.038534,0.182336,0.016501,-9.802605,-9.786103
5.340000,-0.036997,0.185384,-0.036692,0.186026,0.017184,-9.803287,-9.786103
5.350000,-0.035125,0.188921,-0.034814,0.189533,0.017846,-9.803949,-9.786103
5.360000,-0.033219,0.192273,-0.032902,0.192855,0.018485,-9.804588,-9.786103
5.370000,-0.031280,0.195437,-0.030958,0.195988,0.019098,-9.805201,-9.786103
5.380000,-0.029311,0.198408,-0.028983,0.198928,0.019683,-9.805786,-9.786103
5.390000,-0.027313,0.201186,-0.026980,0.201673,0.020238,-9.806341,-9.786103
5.400000,-0.025288,0.203766,-0.024950,0.204221,0.020760,-9.806864,-9.786103
5.410000,-0.023238,0.206146,-0.022896,0.206568,0.021248,-9.807351,-9.786103
5.420000,-0.021166,0.208324,-0.020819,0.208712,0.021699,-9.807803,-9.786103
5.430000,-0.019072,0.210298,-0.018722,0.210652,0.022113,-9.808216,-9.786103
5.440000,-0.016960,0.212065,-0.016607,0.212385,0.022486,-9.808589,-9.786103
5.450000,-0.014832,0.213624,-0.014475,0.213909,0.022818,-9.808921,-9.786103
5.460000,-0.012688,0.214974,-0.012329,0.215224,0.023107,-9.809210,-9.786103
5.470000,-0.010533,0.216113,-0.010172,0.216328,0.023353,-9.809456,-9.786103
5.480000,-0.008367,0.217041,-0.008004,0.217220,0.023553,-9.809657,-9.786103
5.490000,-0.006193,0.217755,-0.005828,0.217898,0.023709,-9.809812,-9.786103
5.500000,-0.004013,0.218255,-0.003646,0.218363,0.023818,-9.809921,-9.786103
5.510000,-0.001828,0.218542,-0.001461,0.218613,0.023880,-9.809984,-9.786103
5.520000,0.000358,0.218614,0.000725,0.218649,0.023896,-9.809999,-9.786103
5.530000,0.002543,0.218472,0.002911,0.218471,0.023865,-9.809968,-9.786103
5.540000,0.004726,0.218115,0.005094,0.218078,0.023787,-9.809890,-9.786103
5.550000,0.006905,0.217545,0.007272,0.217472,0.023663,-9.809766,-9.786103
5.560000,0.009076,0.216761,0.009443,0.216652,0.023493,-9.809596,-9.786103
5.570000,0.011239,0.215764,0.011604,0.215619,0.023277,-9.809380,-9.786103
5.580000,0.013391,0.214556,0.013754,0.214376,0.023017,-9.809120,-9.786103
5.590000,0.015530,0.213137,0.015891,0.212921,0.022714,-9.808817,-9.786103
5.600000,0.017653,0.211510,0.018012,0.211258,0.022368,-9.808471,-9.786103
5.610000,0.019759,0.209674,0.020115,0.209388,0.021982,-9.808085,-9.786103
5.620000,0.021846,0.207634,0.022199,0.207312,0.021556,-9.807659,-9.786103
5.630000,0.023911,0.205389,0.024261,0.205033,0.021092,-9.807196,-9.786103
5.640000,0.025953,0.202944,0.026299,0.202553,0.020593,-9.806696,-9.786103
5.650000,0.027969,0.200299,0.028311,0.199874,0.020060,-9.806163,-9.786103
5.660000,0.029958,0.197458,0.030296,0.196999,0.019495,-9.805598,-9.786103
5.670000,0.031918,0.194423,0.032251,0.193931,0.018900,-9.805003,-9.786103
5.680000,0.033846,0.191197,0.034174,0.190673,0.018278,-9.804382,-9.786103
5.690000,0.035741,0.187785,0.036064,0.187227,0.017632,-9.803735,-9.786103
5.700000,0.037601,0.184188,0.037918,0.183598,0.016963,-9.803066,-9.786103
5.710000,0.039424,0.180410,0.039735,0.179789,0.016274,-9.802377,-9.786103
5.720000,0.041209,0.176456,0.041513,0.175803,0.015568,-9.801672,-9.786103
5.730000,0.042953,0.172329,0.043250,0.171645,0.014849,-9.800952,-9.786103
5.740000,0.044655,0.168032,0.044945,0.167319,0.014117,-9.800221,-9.786103
5.750000,0.046313,0.163572,0.046596,0.162829,0.013378,-9.799481,-9.786103
5.760000,0.047926,0.158951,0.048201,0.158178,0.012633,-9.798736,-9.786103
5.770000,0.049492,0.154174,0.049759,0.153373,0.011885,-9.797988,-9.786103
5.780000,0.051009,0.149246,0.051268,0.148417,0.011137,-9.797240,-9.786103
5.790000,0.052476,0.144172,0.052727,0.143316,0.010393,-9.796496,-9.786103
5.800000,0.053892,0.138956,0.054134,0.138074,0.009654,-9.795758,-9.786103
5.810000,0.055255,0.133605,0.055488,0.132696,0.008925,-9.795028,-9.786103
5.820000,0.056563,0.128123,0.056788,0.127189,0.008208,-9.794311,-9.786103
5.830000,0.057817,0.122515,0.058032,0.121556,0.007505,-9.793608,-9.786103
5.840000,0.059013,0.116787,0.059218,0.115805,0.006820,-9.792923,-9.786103
5.850000,0.060152,0.110945,0.060347,0.109940,0.006154,-9.792258,-9.786103
5.860000,0.061232,0.104995,0.061417,0.103967,0.005512,-9.791615,-9.786103
5.870000,0.062252,0.098941,0.062426,0.097892,0.004895,-9.790998,-9.786103
5.880000,0.063210,0.092791,0.063374,0.091721,0.004305,-9.790408,-9.786103
5.890000,0.064107,0.086549,0.064260,0.085460,0.003745,-9.789849,-9.786103
5.900000,0.064941,0.080224,0.065083,0.079115,0.003218,-9.789321,-9.786103
5.910000,0.065711,0.073819,0.065842,0.072692,0.002725,-9.788828,-9.786103
5.920000,0.066417,0.067342,0.066537,0.066199,0.002267,-9.788371,-9.786103
5.930000,0.067058,0.060800,0.067166,0.059640,0.001848,-9.787952,-9.786103
5.940000,0.067633,0.054198,0.067730,0.053023,0.001469,-9.787572,-9.786103
5.950000,0.068142,0.047542,0.068226,0.046354,0.001130,-9.787233,-9.786103
5.960000,0.068584,0.040841,0.068656,0.039639,0.000834,-9.786937,-9.786103
5.970000,0.068958,0.034099,0.069019,0.032885,0.000581,-9.786685,-9.786103
5.980000,0.069266,0.027324,0.069314,0.026100,0.000373,-9.786477,-9.786103
5.990000,0.069505,0.020522,0.069541,0.019288,0.000211,-9.786314,-9.786103
6.000000,0.069676,0.013700,0.069700,0.012458,0.000094,-9.786197,-9.786103
6.010000,0.069779,0.006865,0.069790,0.005615,0.000024,-9.786127,-9.786103
6.020000,0.069813,0.000023,0.069812,-0.001233,0.000000,-9.786103,-9.786103
6.030000,0.069779,-0.006819,0.069765,-0.008080,0.000023,-9.786127,-9.786103
6.040000,0.069677,-0.013654,0.069650,-0.014918,0.000093,-9.786197,-9.786103
6.050000,0.069506,-0.020476,0.069467,-0.021743,0.000210,-9.786313,-9.786103
6.060000,0.069267,-0.027278,0.069216,-0.028546,0.000372,-9.786475,-9.786103
6.070000,0.068961,-0.034053,0.068896,-0.035321,0.000580,-9.786683,-9.786103
6.080000,0.068586,-0.040795,0.068509,-0.042061,0.000832,-9.786935,-9.786103
6.090000,0.068145,-0.047497,0.068055,-0.048760,0.001128,-9.787231,-9.786103
6.100000,0.067637,-0.054153,0.067534,-0.055411,0.001466,-9.787570,-9.786103
6.110000,0.067062,-0.060755,0.066947,-0.062008,0.001846,-9.787949,-9.786103
6.120000,0.066422,-0.067298,0.066294,-0.068544,0.002265,-9.788368,-9.786103
6.130000,0.065716,-0.073775,0.065577,-0.075013,0.002721,-9.788825,-9.786103
6.140000,0.064946,-0.080180,0.064794,-0.081408,0.003214,-9.789318,-9.786103
6.150000,0.064113,-0.086507,0.063949,-0.087724,0.003742,-9.789845,-9.786103
6.160000,0.063217,-0.092749,0.063040,-0.093953,0.004301,-9.790404,-9.786103
6.170000,0.062258,-0.098900,0.062070,-0.100090,0.004891,-9.790994,-9.786103
6.180000,0.061239,-0.104954,0.061039,-0.106129,0.005508,-9.791611,-9.786103
6.190000,0.060160,-0.110905,0.059948,-0.112064,0.006150,-9.792253,-9.786103
6.200000,0.059021,-0.116748,0.058798,-0.117889,0.006815,-9.792918,-9.786103
6.210000,0.057825,-0.122477,0.057590,-0.123598,0.007500,-9.793604,-9.786103
6.220000,0.056572,-0.128085,0.056326,-0.129186,0.008203,-9.794306,-9.786103
6.230000,0.055264,-0.133568,0.055007,-0.134647,0.008920,-9.795024,-9.786103
6.240000,0.053901,-0.138921,0.053634,-0.139977,0.009649,-9.795753,-9.786103
6.250000,0.052486,-0.144137,0.052208,-0.145169,0.010388,-9.796491,-9.786103
6.260000,0.051019,-0.149212,0.050731,-0.150218,0.011132,-9.797235,-9.786103
6.270000,0.049502,-0.154141,0.049204,-0.155120,0.011880,-9.797983,-9.786103
6.280000,0.047937,-0.158919,0.047629,-0.159871,0.012628,-9.798731,-9.786103
6.290000,0.046324,-0.163541,0.046007,-0.164464,0.013373,-9.799476,-9.786103
6.300000,0.044666,-0.168003,0.044340,-0.168896,0.014112,-9.800216,-9.786103
6.310000,0.042965,-0.172300,0.042630,-0.173162,0.014844,-9.800947,-9.786103
6.320000,0.041221,-0.176428,0.040878,-0.177258,0.015563,-9.801667,-9.786103
6.330000,0.039437,-0.180384,0.039085,-0.181181,0.016269,-9.802373,-9.786103
6.340000,0.037614,-0.184163,0.037255,-0.184926,0.016958,-9.803061,-9.786103
6.350000,0.035754,-0.187761,0.035387,-0.188489,0.017627,-9.803730,-9.786103
6.360000,0.033859,-0.191175,0.033485,-0.191867,0.018274,-9.804377,-9.786103
6.370000,0.031931,-0.194402,0.031551,-0.195058,0.018896,-9.804999,-9.786103
6.380000,0.029972,-0.197438,0.029585,-0.198057,0.019491,-9.805594,-9.786103
6.390000,0.027983,-0.200280,0.027590,-0.200861,0.020056,-9.806159,-9.786103
6.400000,0.025967,-0.202926,0.025568,-0.203469,0.020590,-9.806693,-9.786103
6.410000,0.023925,-0.205373,0.023521,-0.205877,0.021089,-9.807192,-9.786103
6.420000,0.021860,-0.207619,0.021451,-0.208083,0.021553,-9.807656,-9.786103
6.430000,0.019773,-0.209661,0.019360,-0.210085,0.021979,-9.808082,-9.786103
6.440000,0.017667,-0.211498,0.017250,-0.211881,0.022366,-9.808469,-9.786103
6.450000,0.015544,-0.213127,0.015123,-0.213469,0.022712,-9.808815,-9.786103
6.460000,0.013406,-0.214547,0.012982,-0.214848,0.023015,-9.809119,-9.786103
6.470000,0.011254,-0.215757,0.010827,-0.216016,0.023275,-9.809379,-9.786103
6.480000,0.009091,-0.216755,0.008662,-0.216972,0.023491,-9.809595,-9.786103
6.490000,0.006920,-0.217540,0.006489,-0.217715,0.023662,-9.809765,-9.786103
6.500000,0.004741,-0.218112,0.004309,-0.218244,0.023786,-9.809890,-9.786103
6.510000,0.002558,-0.218470,0.002124,-0.218560,0.023865,-9.809968,-9.786103
6.520000,0.000372,-0.218614,-0.000062,-0.218661,0.023896,-9.809999,-9.786103
6.530000,-0.001814,-0.218543,-0.002248,-0.218548,0.023881,-9.809984,-9.786103
6.540000,-0.003998,-0.218258,-0.004432,-0.218220,0.023818,-9.809922,-9.786103
6.550000,-0.006178,-0.217759,-0.006612,-0.217678,0.023709,-9.809813,-9.786103
6.560000,-0.008352,-0.217046,-0.008785,-0.216923,0.023554,-9.809658,-9.786103
6.570000,-0.010518,-0.216120,-0.010950,-0.215955,0.023354,-9.809457,-9.786103
6.580000,-0.012674,-0.214983,-0.013103,-0.214775,0.023109,-9.809212,-9.786103
6.590000,-0.014817,-0.213634,-0.015244,-0.213385,0.022820,-9.808923,-9.786103
6.600000,-0.016946,-0.212076,-0.017370,-0.211785,0.022488,-9.808591,-9.786103
6.610000,-0.019058,-0.210310,-0.019479,-0.209977,0.022115,-9.808219,-9.786103
6.620000,-0.021151,-0.208338,-0.021569,-0.207963,0.021702,-9.807806,-9.786103
6.630000,-0.023224,-0.206161,-0.023638,-0.205746,0.021251,-9.807355,-9.786103
6.640000,-0.025274,-0.203782,-0.025684,-0.203326,0.020764,-9.806867,-9.786103
6.650000,-0.027299,-0.201204,-0.027704,-0.200708,0.020241,-9.806345,-9.786103
6.660000,-0.029297,-0.198428,-0.029697,-0.197892,0.019687,-9.805790,-9.786103
6.670000,-0.031267,-0.195457,-0.031661,-0.194882,0.019102,-9.805205,-9.786103
6.680000,-0.033206,-0.192295,-0.033594,-0.191681,0.018489,-9.804592,-9.786103
6.690000,-0.035112,-0.188945,-0.035494,-0.188292,0.017850,-9.803953,-9.786103
6.700000,-0.036984,-0.185409,-0.037359,-0.184718,0.017188,-9.803292,-9.786103
6.710000,-0.038820,-0.181691,-0.039188,-0.180963,0.016506,-9.802609,-9.786103
6.720000,-0.040617,-0.177796,-0.040978,-0.177031,0.015806,-9.801909,-9.786103
6.730000,-0.042375,-0.173726,-0.042728,-0.172925,0.015090,-9.801194,-9.786103
6.740000,-0.044091,-0.169485,-0.044436,-0.168649,0.014363,-9.800466,-9.786103
6.750000,-0.045764,-0.165079,-0.046100,-0.164208,0.013626,-9.799729,-9.786103
6.760000,-0.047392,-0.160511,-0.047719,-0.159606,0.012882,-9.798985,-9.786103
6.770000,-0.048974,-0.155786,-0.049292,-0.154847,0.012135,-9.798238,-9.786103
6.780000,-0.050508,-0.150908,-0.050816,-0.149936,0.011387,-9.797490,-9.786103
6.790000,-0.051992,-0.145882,-0.052290,-0.144878,0.010641,-9.796744,-9.786103
6.800000,-0.053425,-0.140713,-0.053713,-0.139678,0.009900,-9.796003,-9.786103
6.810000,-0.054805,-0.135407,-0.055083,-0.134342,0.009167,-9.795271,-9.786103
6.820000,-0.056132,-0.129968,-0.056399,-0.128873,0.008446,-9.794549,-9.786103
6.830000,-0.057404,-0.124401,-0.057660,-0.123278,0.007738,-9.793841,-9.786103
6.840000,-0.058620,-0.118713,-0.058865,-0.117562,0.007046,-9.793150,-9.786103
6.850000,-0.059778,-0.112908,-0.060011,-0.111730,0.006374,-9.792477,-9.786103
6.860000,-0.060878,-0.106993,-0.061099,-0.105790,0.005724,-9.791827,-9.786103
6.870000,-0.061918,-0.100973,-0.062127,-0.099745,0.005098,-9.791201,-9.786103
6.880000,-0.062897,-0.094855,-0.063093,-0.093602,0.004499,-9.790602,-9.786103
6.890000,-0.063815,-0.088643,-0.063998,-0.087368,0.003929,-9.790032,-9.786103
6.900000,-0.064670,-0.082345,-0.064840,-0.081048,0.003390,-9.789494,-9.786103
6.910000,-0.065461,-0.075966,-0.065619,-0.074648,0.002885,-9.788989,-9.786103
6.920000,-0.066189,-0.069513,-0.066333,-0.068176,0.002416,-9.788519,-9.786103
6.930000,-0.066851,-0.062991,-0.066982,-0.061636,0.001984,-9.788087,-9.786103
6.940000,-0.067448,-0.056408,-0.067566,-0.055036,0.001591,-9.787694,-9.786103
6.950000,-0.067979,-0.049770,-0.068083,-0.048382,0.001239,-9.787342,-9.786103
6.960000,-0.068444,-0.043083,-0.068533,-0.041680,0.000928,-9.787031,-9.786103
6.970000,-0.068841,-0.036354,-0.068916,-0.034938,0.000661,-9.786764,-9.786103
6.980000,-0.069170,-0.029590,-0.069232,-0.028161,0.000438,-9.786541,-9.786103
6.990000,-0.069432,-0.022796,-0.069479,-0.021357,0.000260,-9.786363,-9.786103
7.000000,-0.069626,-0.015980,-0.069659,-0.014531,0.000128,-9.786231,-9.786103
7.010000,-0.069752,-0.009149,-0.069770,-0.007692,0.000042,-9.786145,-9.786103
7.020000,-0.069809,-0.002308,-0.069813,-0.000845,0.000003,-9.786106,-9.786103
7.030000,-0.069798,0.004535,-0.069787,0.006003,0.000010,-9.786114,-9.786103
7.040000,-0.069719,0.011373,-0.069693,0.012845,0.000065,-9.786168,-9.786103
7.050000,-0.069571,0.018200,-0.069530,0.019675,0.000166,-9.786269,-9.786103
7.060000,-0.069355,0.025010,-0.069299,0.026485,0.000313,-9.786416,-9.786103
7.070000,-0.069071,0.031794,-0.069000,0.033269,0.000505,-9.786609,-9.786103
7.080000,-0.068719,0.038548,-0.068634,0.040020,0.000743,-9.786846,-9.786103
7.090000,-0.068300,0.045264,-0.068200,0.046733,0.001024,-9.787128,-9.786103
7.100000,-0.067814,0.051936,-0.067699,0.053399,0.001349,-9.787452,-9.786103
7.110000,-0.067261,0.058557,-0.067132,0.060013,0.001714,-9.787818,-9.786103
7.120000,-0.066643,0.065121,-0.066499,0.066568,0.002120,-9.788224,-9.786103
7.130000,-0.065959,0.071620,-0.065801,0.073058,0.002565,-9.788668,-9.786103
7.140000,-0.065211,0.078050,-0.065038,0.079476,0.003046,-9.789149,-9.786103
7.150000,-0.064398,0.084404,-0.064212,0.085817,0.003562,-9.789665,-9.786103
7.160000,-0.063523,0.090674,-0.063322,0.092073,0.004111,-9.790214,-9.786103
7.170000,-0.062585,0.096856,-0.062371,0.098238,0.004691,-9.790794,-9.786103
7.180000,-0.061586,0.102944,-0.061358,0.104308,0.005299,-9.791402,-9.786103
7.190000,-0.060527,0.108930,-0.060285,0.110275,0.005933,-9.792036,-9.786103
7.200000,-0.059408,0.114810,-0.059153,0.116134,0.006591,-9.792694,-9.786103
7.210000,-0.058231,0.120577,-0.057963,0.121879,0.007269,-9.793373,-9.786103
7.220000,-0.056997,0.126226,-0.056716,0.127504,0.007967,-9.794070,-9.786103
7.230000,-0.055707,0.131752,-0.055413,0.133005,0.008679,-9.794783,-9.786103
7.240000,-0.054362,0.137148,-0.054056,0.138374,0.009405,-9.795508,-9.786103
7.250000,-0.052964,0.142411,-0.052646,0.143609,0.010140,-9.796244,-9.786103
7.260000,-0.051514,0.147533,-0.051184,0.148702,0.010883,-9.796986,-9.786103
7.270000,-0.050014,0.152512,-0.049672,0.153649,0.011630,-9.797733,-9.786103
7.280000,-0.048465,0.157340,-0.048112,0.158446,0.012378,-9.798481,-9.786103
7.290000,-0.046868,0.162015,-0.046504,0.163087,0.013124,-9.799228,-9.786103
7.300000,-0.045225,0.166531,-0.044851,0.167569,0.013866,-9.799970,-9.786103
7.310000,-0.043538,0.170884,-0.043153,0.171886,0.014601,-9.800704,-9.786103
7.320000,-0.041808,0.175069,-0.041413,0.176034,0.015325,-9.801428,-9.786103
7.330000,-0.040037,0.179083,-0.039633,0.180010,0.016035,-9.802139,-9.786103
7.340000,-0.038227,0.182921,-0.037814,0.183809,0.016730,-9.802833,-9.786103
7.350000,-0.036379,0.186580,-0.035957,0.187427,0.017406,-9.803509,-9.786103
7.360000,-0.034496,0.190056,-0.034066,0.190862,0.018061,-9.804164,-9.786103
7.370000,-0.032578,0.193345,-0.032141,0.194110,0.018691,-9.804795,-9.786103
7.380000,-0.030629,0.196445,-0.030184,0.197167,0.019295,-9.805399,-9.786103
7.390000,-0.028650,0.199353,-0.028198,0.200031,0.019871,-9.805974,-9.786103
7.400000,-0.026643,0.202065,-0.026184,0.202699,0.020415,-9.806518,-9.786103
7.410000,-0.024610,0.204579,-0.024145,0.205168,0.020926,-9.807030,-9.786103
7.420000,-0.022552,0.206892,-0.022082,0.207435,0.021402,-9.807505,-9.786103
7.430000,-0.020472,0.209002,-0.019997,0.209499,0.021841,-9.807944,-9.786103
7.440000,-0.018373,0.210908,-0.017892,0.211358,0.022241,-9.808344,-9.786103
7.450000,-0.016255,0.212606,-0.015770,0.213009,0.022601,-9.808704,-9.786103
7.460000,-0.014121,0.214096,-0.013633,0.214452,0.022919,-9.809022,-9.786103
7.470000,-0.011974,0.215376,-0.011482,0.215684,0.023193,-9.809297,-9.786103
7.480000,-0.009814,0.216445,-0.009320,0.216704,0.023424,-9.809528,-9.786103
7.490000,-0.007645,0.217301,-0.007149,0.217512,0.023610,-9.809713,-9.786103
7.500000,-0.005469,0.217945,-0.004970,0.218106,0.023750,-9.809853,-9.786103
7.510000,-0.003287,0.218374,-0.002787,0.218487,0.023844,-9.809947,-9.786103
7.520000,-0.001102,0.218590,-0.000601,0.218653,0.023891,-9.809994,-9.786103
7.530000,0.001084,0.218591,0.001585,0.218605,0.023891,-9.809994,-9.786103
7.540000,0.003269,0.218377,0.003770,0.218342,0.023844,-9.809948,-9.786103
7.550000,0.005451,0.217949,0.005951,0.217865,0.023751,-9.809854,-9.786103
7.560000,0.007627,0.217308,0.008127,0.217175,0.023611,-9.809715,-9.786103
7.570000,0.009796,0.216453,0.010294,0.216271,0.023426,-9.809529,-9.786103
7.580000,0.011955,0.215386,0.012451,0.215155,0.023196,-9.809299,-9.786103
7.590000,0.014103,0.214108,0.014596,0.213829,0.022921,-9.809024,-9.786103
7.600000,0.016237,0.212620,0.016727,0.212292,0.022604,-9.808707,-9.786103
7.610000,0.018355,0.210923,0.018842,0.210547,0.022244,-9.808348,-9.786103
7.620000,0.020455,0.209019,0.020937,0.208596,0.021845,-9.807948,-9.786103
7.630000,0.022534,0.206911,0.023013,0.206440,0.021406,-9.807509,-9.786103
7.640000,0.024592,0.204599,0.025066,0.204082,0.020930,-9.807034,-9.786103
7.650000,0.026626,0.202087,0.027094,0.201523,0.020420,-9.806523,-9.786103
7.660000,0.028633,0.199377,0.029095,0.198767,0.019876,-9.805979,-9.786103
7.670000,0.030613,0.196471,0.031068,0.195815,0.019300,-9.805404,-9.786103
7.680000,0.032562,0.193372,0.033011,0.192672,0.018696,-9.804800,-9.786103
7.690000,0.034479,0.190084,0.034921,0.189340,0.018066,-9.804169,-9.786103
7.700000,0.036363,0.186610,0.036797,0.185822,0.017412,-9.803515,-9.786103
7.710000,0.038211,0.182953,0.038637,0.182121,0.016736,-9.802839,-9.786103
7.720000,0.040022,0.179116,0.040439,0.178242,0.016041,-9.802145,-9.786103
7.730000,0.041793,0.175104,0.042201,0.174188,0.015331,-9.801434,-9.786103
7.740000,0.043523,0.170920,0.043922,0.169964,0.014607,-9.800710,-9.786103
7.750000,0.045211,0.166569,0.045600,0.165572,0.013873,-9.799976,-9.786103
7.760000,0.046854,0.162054,0.047233,0.161018,0.013131,-9.799234,-9.786103
7.770000,0.048451,0.157381,0.048820,0.156307,0.012384,-9.798488,-9.786103
7.780000,0.050001,0.152553,0.050359,0.151441,0.011636,-9.797740,-9.786103
7.790000,0.051502,0.147576,0.051848,0.146428,0.010889,-9.796993,-9.786103
7.800000,0.052952,0.142455,0.053287,0.141270,0.010147,-9.796250,-9.786103
7.810000,0.054350,0.137194,0.054673,0.135975,0.009411,-9.795514,-9.786103
7.820000,0.055695,0.131798,0.056006,0.130545,0.008685,-9.794789,-9.786103
7.830000,0.056986,0.126274,0.057284,0.124988,0.007973,-9.794076,-9.786103
7.840000,0.058221,0.120625,0.058505,0.119308,0.007275,-9.793379,-9.786103
7.850000,0.059398,0.114859,0.059669,0.113511,0.006596,-9.792700,-9.786103
7.860000,0.060517,0.108980,0.060775,0.107603,0.005938,-9.792042,-9.786103
7.870000,0.061577,0.102995,0.061821,0.101589,0.005304,-9.791407,-9.786103
7.880000,0.062577,0.096908,0.062807,0.095476,0.004696,-9.790799,-9.786103
7.890000,0.063515,0.090727,0.063730,0.089268,0.004116,-9.790219,-9.786103
7.900000,0.064391,0.084457,0.064592,0.082974,0.003566,-9.789670,-9.786103
7.910000,0.065204,0.078104,0.065390,0.076598,0.003050,-9.789153,-9.786103
7.920000,0.065953,0.071675,0.066123,0.070146,0.002569,-9.788672,-9.786103
7.930000,0.066637,0.065176,0.066792,0.063626,0.002124,-9.788227,-9.786103
7.940000,0.067256,0.058613,0.067396,0.057044,0.001718,-9.787821,-9.786103
7.950000,0.067809,0.051992,0.067933,0.050405,0.001352,-9.787455,-9.786103
7.960000,0.068296,0.045321,0.068404,0.043718,0.001027,-9.787130,-9.786103
7.970000,0.068716,0.038605,0.068807,0.036987,0.000745,-9.786849,-9.786103
7.980000,0.069068,0.031852,0.069143,0.030220,0.000507,-9.786611,-9.786103
7.990000,0.069353,0.025067,0.069411,0.023423,0.000314,-9.786418,-9.786103
8.000000,0.069569,0.018258,0.069612,0.016603,0.000167,-9.786270,-9.786103
8.010000,0.069718,0.011431,0.069743,0.009768,0.000065,-9.786169,-9.786103
8.020000,0.069798,0.004593,0.069807,0.002922,0.000011,-9.786114,-9.786103
8.030000,0.069809,-0.002250,0.069802,-0.003926,0.000003,-9.786106,-9.786103
8.040000,0.069753,-0.009091,0.069728,-0.010771,0.000041,-9.786145,-9.786103
8.050000,0.069628,-0.015922,0.069587,-0.017605,0.000127,-9.786230,-9.786103
8.060000,0.069434,-0.022738,0.069376,-0.024421,0.000259,-9.786362,-9.786103
8.070000,0.069173,-0.029532,0.069098,-0.031214,0.000436,-9.786539,-9.786103
8.080000,0.068844,-0.036297,0.068752,-0.037976,0.000659,-9.786762,-9.786103
8.090000,0.068447,-0.043026,0.068339,-0.044701,0.000926,-9.787029,-9.786103
8.100000,0.067983,-0.049714,0.067858,-0.051382,0.001236,-9.787339,-9.786103
8.110000,0.067453,-0.056352,0.067311,-0.058013,0.001588,-9.787691,-9.786103
8.120000,0.066857,-0.062936,0.066698,-0.064587,0.001980,-9.788084,-9.786103
8.130000,0.066195,-0.069458,0.066020,-0.071097,0.002412,-9.788516,-9.786103
8.140000,0.065468,-0.075912,0.065277,-0.077537,0.002881,-9.788985,-9.786103
8.150000,0.064677,-0.082291,0.064469,-0.083902,0.003386,-9.789489,-9.786103
8.160000,0.063822,-0.088590,0.063599,-0.090184,0.003924,-9.790027,-9.786103
8.170000,0.062905,-0.094803,0.062666,-0.096378,0.004494,-9.790597,-9.786103
8.180000,0.061926,-0.100922,0.061672,-0.102477,0.005093,-9.791196,-9.786103
8.190000,0.060887,-0.106943,0.060617,-0.108476,0.005718,-9.791822,-9.786103
8.200000,0.059788,-0.112859,0.059502,-0.114368,0.006369,-9.792472,-9.786103
8.210000,0.058630,-0.118664,0.058330,-0.120149,0.007041,-9.793144,-9.786103
8.220000,0.057415,-0.124353,0.057100,-0.125811,0.007732,-9.793835,-9.786103
8.230000,0.056143,-0.129921,0.055814,-0.131350,0.008440,-9.794543,-9.786103
8.240000,0.054817,-0.135361,0.054473,-0.136760,0.009161,-9.795265,-9.786103
8.250000,0.053437,-0.140669,0.053079,-0.142036,0.009894,-9.795997,-9.786103
8.260000,0.052004,-0.145839,0.051633,-0.147172,0.010634,-9.796738,-9.786103
8.270000,0.050520,-0.150866,0.050136,-0.152164,0.011380,-9.797484,-9.786103
8.280000,0.048987,-0.155745,0.048590,-0.157007,0.012128,-9.798232,-9.786103
8.290000,0.047406,-0.160472,0.046997,-0.161696,0.012876,-9.798979,-9.786103
8.300000,0.045778,-0.165041,0.045357,-0.166226,0.013619,-9.799723,-9.786103
8.310000,0.044106,-0.169449,0.043673,-0.170594,0.014356,-9.800460,-9.786103
8.320000,0.042390,-0.173690,0.041945,-0.174794,0.015084,-9.801188,-9.786103
8.330000,0.040632,-0.177762,0.040177,-0.178822,0.015800,-9.801903,-9.786103
8.340000,0.038835,-0.181659,0.038370,-0.182675,0.016500,-9.802603,-9.786103
8.350000,0.037000,-0.185378,0.036524,-0.186349,0.017183,-9.803286,-9.786103
8.360000,0.035128,-0.188916,0.034643,-0.189840,0.017845,-9.803948,-9.786103
8.370000,0.033222,-0.192268,0.032728,-0.193145,0.018483,-9.804587,-9.786103
8.380000,0.031284,-0.195431,0.030781,-0.196260,0.019097,-9.805200,-9.786103
8.390000,0.029314,-0.198404,0.028804,-0.199183,0.019682,-9.805785,-9.786103
8.400000,0.027316,-0.201181,0.026798,-0.201911,0.020237,-9.806340,-9.786103
8.410000,0.025291,-0.203761,0.024766,-0.204440,0.020759,-9.806863,-9.786103
8.420000,0.023242,-0.206142,0.022710,-0.206769,0.021247,-9.807351,-9.786103
8.430000,0.021169,-0.208320,0.020631,-0.208895,0.021699,-9.807802,-9.786103
8.440000,0.019076,-0.210294,0.018533,-0.210816,0.022112,-9.808215,-9.786103
8.450000,0.016964,-0.212062,0.016416,-0.212530,0.022485,-9.808589,-9.786103
8.460000,0.014835,-0.213622,0.014283,-0.214036,0.022817,-9.808921,-9.786103
8.470000,0.012692,-0.214972,0.012136,-0.215332,0.023107,-9.809210,-9.786103
8.480000,0.010537,-0.216112,0.009977,-0.216417,0.023352,-9.809455,-9.786103
8.490000,0.008371,-0.217039,0.007808,-0.217289,0.023553,-9.809656,-9.786103
8.500000,0.006196,-0.217754,0.005632,-0.217949,0.023708,-9.809812,-9.786103
8.510000,0.004016,-0.218255,0.003450,-0.218394,0.023818,-9.809921,-9.786103
8.520000,0.001832,-0.218542,0.001265,-0.218625,0.023880,-9.809984,-9.786103
8.530000,-0.000354,-0.218614,-0.000922,-0.218642,0.023896,-9.809999,-9.786103
8.540000,-0.002539,-0.218472,-0.003108,-0.218445,0.023865,-9.809968,-9.786103
8.550000,-0.004723,-0.218116,-0.005290,-0.218033,0.023787,-9.809891,-9.786103
8.560000,-0.006901,-0.217546,-0.007468,-0.217407,0.023663,-9.809766,-9.786103
8.570000,-0.009073,-0.216762,-0.009638,-0.216568,0.023493,-9.809596,-9.786103
8.580000,-0.011236,-0.215766,-0.011798,-0.215516,0.023277,-9.809381,-9.786103
8.590000,-0.013387,-0.214558,-0.013947,-0.214253,0.023018,-9.809121,-9.786103
8.600000,-0.015526,-0.213140,-0.016083,-0.212780,0.022714,-9.808818,-9.786103
8.610000,-0.017650,-0.211513,-0.018202,-0.211098,0.022369,-9.808472,-9.786103
8.620000,-0.019756,-0.209678,-0.020304,-0.209210,0.021982,-9.808086,-9.786103
8.630000,-0.021842,-0.207637,-0.022386,-0.207115,0.021557,-9.807660,-9.786103
8.640000,-0.023908,-0.205393,-0.024445,-0.204818,0.021093,-9.807197,-9.786103
8.650000,-0.025950,-0.202948,-0.026481,-0.202320,0.020594,-9.806697,-9.786103
8.660000,-0.027966,-0.200303,-0.028491,-0.199623,0.020061,-9.806164,-9.786103
8.670000,-0.029955,-0.197463,-0.030473,-0.196731,0.019496,-9.805599,-9.786103
8.680000,-0.031915,-0.194428,-0.032425,-0.193646,0.018901,-9.805004,-9.786103
8.690000,-0.033843,-0.191203,-0.034345,-0.190370,0.018279,-9.804383,-9.786103
8.700000,-0.035738,-0.187790,-0.036232,-0.186908,0.017633,-9.803736,-9.786103
8.710000,-0.037598,-0.184194,-0.038083,-0.183263,0.016964,-9.803067,-9.786103
8.720000,-0.039421,-0.180417,-0.039897,-0.179437,0.016275,-9.802378,-9.786103
8.730000,-0.041206,-0.176463,-0.041671,-0.175436,0.015570,-9.801673,-9.786103
8.740000,-0.042950,-0.172336,-0.043405,-0.171263,0.014850,-9.800953,-9.786103
8.750000,-0.044652,-0.168040,-0.045096,-0.166922,0.014119,-9.800222,-9.786103
8.760000,-0.046310,-0.163579,-0.046743,-0.162417,0.013379,-9.799482,-9.786103
8.770000,-0.047923,-0.158958,-0.048344,-0.157752,0.012634,-9.798737,-9.786103
8.780000,-0.049489,-0.154182,-0.049897,-0.152933,0.011886,-9.797989,-9.786103
8.790000,-0.051006,-0.149254,-0.051402,-0.147964,0.011138,-9.797242,-9.786103
8.800000,-0.052473,-0.144180,-0.052856,-0.142850,0.010394,-9.796497,-9.786103
8.810000,-0.053889,-0.138965,-0.054258,-0.137595,0.009656,-9.795759,-9.786103
8.820000,-0.055252,-0.133614,-0.055607,-0.132206,0.008926,-9.795030,-9.786103
8.830000,-0.056561,-0.128132,-0.056902,-0.126687,0.008209,-9.794312,-9.786103
8.840000,-0.057815,-0.122525,-0.058141,-0.121044,0.007506,-9.793609,-9.786103
8.850000,-0.059011,-0.116797,-0.059322,-0.115282,0.006821,-9.792924,-9.786103
8.860000,-0.060150,-0.110955,-0.060446,-0.109406,0.006156,-9.792259,-9.786103
8.870000,-0.061230,-0.105005,-0.061510,-0.103424,0.005513,-9.791616,-9.786103
8.880000,-0.062250,-0.098951,-0.062514,-0.097340,0.004896,-9.790999,-9.786103
8.890000,-0.063209,-0.092801,-0.063457,-0.091161,0.004306,-9.790409,-9.786103
8.900000,-0.064106,-0.086560,-0.064337,-0.084892,0.003746,-9.789850,-9.786103
8.910000,-0.064940,-0.080234,-0.065154,-0.078540,0.003219,-9.789322,-9.786103
8.920000,-0.065710,-0.073830,-0.065908,-0.072111,0.002725,-9.788829,-9.786103
8.930000,-0.066416,-0.067353,-0.066596,-0.065611,0.002268,-9.788372,-9.786103
8.940000,-0.067057,-0.060811,-0.067220,-0.059047,0.001849,-9.787952,-9.786103
8.950000,-0.067632,-0.054209,-0.067777,-0.052425,0.001469,-9.787573,-9.786103
8.960000,-0.068141,-0.047554,-0.068268,-0.045751,0.001131,-9.787234,-9.786103
8.970000,-0.068583,-0.040852,-0.068692,-0.039033,0.000834,-9.786938,-9.786103
8.980000,-0.068958,-0.034111,-0.069048,-0.032276,0.000582,-9.786685,-9.786103
8.990000,-0.069265,-0.027336,-0.069337,-0.025488,0.000374,-9.786477,-9.786103
9.000000,-0.069504,-0.020534,-0.069558,-0.018674,0.000211,-9.786314,-9.786103
9.010000,-0.069676,-0.013712,-0.069711,-0.011842,0.000094,-9.786197,-9.786103
9.020000,-0.069779,-0.006877,-0.069795,-0.004999,0.000024,-9.786127,-9.786103
9.030000,-0.069813,-0.000035,-0.069811,0.001849,0.000000,-9.786103,-9.786103
9.040000,-0.069779,0.006807,-0.069758,0.008695,0.000023,-9.786127,-9.786103
9.050000,-0.069677,0.013643,-0.069637,0.015533,0.000093,-9.786196,-9.786103
9.060000,-0.069506,0.020465,-0.069447,0.022356,0.000209,-9.786313,-9.786103
9.070000,-0.069268,0.027267,-0.069190,0.029157,0.000372,-9.786475,-9.786103
9.080000,-0.068961,0.034042,-0.068864,0.035929,0.000579,-9.786683,-9.786103
9.090000,-0.068587,0.040784,-0.068471,0.042666,0.000832,-9.786935,-9.786103
9.100000,-0.068146,0.047486,-0.068011,0.049361,0.001127,-9.787231,-9.786103
9.110000,-0.067638,0.054142,-0.067484,0.056007,0.001466,-9.787569,-9.786103
9.120000,-0.067063,0.060744,-0.066891,0.062599,0.001845,-9.787948,-9.786103
9.130000,-0.066423,0.067287,-0.066232,0.069129,0.002264,-9.788367,-9.786103
9.140000,-0.065718,0.073765,-0.065509,0.075592,0.002721,-9.788824,-9.786103
9.150000,-0.064948,0.080170,-0.064721,0.081980,0.003214,-9.789317,-9.786103
9.160000,-0.064114,0.086496,-0.063869,0.088288,0.003741,-9.789844,-9.786103
9.170000,-0.063218,0.092738,-0.062955,0.094509,0.004300,-9.790404,-9.786103
9.180000,-0.062260,0.098889,-0.061980,0.100638,0.004890,-9.790993,-9.786103
9.190000,-0.061241,0.104944,-0.060943,0.106667,0.005507,-9.791610,-9.786103
9.200000,-0.060161,0.110895,-0.059847,0.112593,0.006149,-9.792252,-9.786103
9.210000,-0.059023,0.116738,-0.058692,0.118407,0.006814,-9.792917,-9.786103
9.220000,-0.057827,0.122467,-0.057479,0.124106,0.007499,-9.793602,-9.786103
9.230000,-0.056574,0.128076,-0.056210,0.129683,0.008202,-9.794305,-9.786103
9.240000,-0.055266,0.133559,-0.054886,0.135133,0.008919,-9.795022,-9.786103
9.250000,-0.053903,0.138912,-0.053508,0.140450,0.009648,-9.795752,-9.786103
9.260000,-0.052488,0.144128,-0.052077,0.145629,0.010386,-9.796490,-9.786103
9.270000,-0.051021,0.149204,-0.050595,0.150666,0.011131,-9.797234,-9.786103
9.280000,-0.049505,0.154133,-0.049064,0.155554,0.011878,-9.797982,-9.786103
9.290000,-0.047939,0.158911,-0.047485,0.160290,0.012626,-9.798730,-9.786103
9.300000,-0.046327,0.163533,-0.045859,0.164869,0.013372,-9.799475,-9.786103
9.310000,-0.044669,0.167995,-0.044188,0.169286,0.014111,-9.800215,-9.786103
9.320000,-0.042967,0.172293,-0.042474,0.173538,0.014842,-9.800946,-9.786103
9.330000,-0.041224,0.176422,-0.040718,0.177618,0.015562,-9.801666,-9.786103
9.340000,-0.039440,0.180377,-0.038922,0.181525,0.016268,-9.802371,-9.786103
9.350000,-0.037617,0.184156,-0.037088,0.185254,0.016957,-9.803060,-9.786103
9.360000,-0.035757,0.187755,-0.035218,0.188801,0.017626,-9.803729,-9.786103
9.370000,-0.033862,0.191169,-0.033313,0.192162,0.018273,-9.804376,-9.786103
9.380000,-0.031934,0.194396,-0.031375,0.195335,0.018895,-9.804998,-9.786103
9.390000,-0.029975,0.197433,-0.029406,0.198317,0.019490,-9.805593,-9.786103
9.400000,-0.027986,0.200276,-0.027409,0.201104,0.020055,-9.806158,-9.786103
9.410000,-0.025970,0.202922,-0.025385,0.203694,0.020589,-9.806692,-9.786103
9.420000,-0.023929,0.205369,-0.023336,0.206084,0.021088,-9.807192,-9.786103
9.430000,-0.021863,0.207616,-0.021264,0.208272,0.021552,-9.807655,-9.786103
9.440000,-0.019777,0.209658,-0.019171,0.210255,0.021978,-9.808082,-9.786103
9.450000,-0.017671,0.211495,-0.017060,0.212032,0.022365,-9.808468,-9.786103
9.460000,-0.015548,0.213124,-0.014931,0.213602,0.022711,-9.808814,-9.786103
9.470000,-0.013409,0.214545,-0.012788,0.214961,0.023015,-9.809118,-9.786103
9.480000,-0.011258,0.215755,-0.010633,0.216110,0.023275,-9.809378,-9.786103
9.490000,-0.009095,0.216753,-0.008467,0.217047,0.023491,-9.809594,-9.786103
9.500000,-0.006923,0.217539,-0.006293,0.217771,0.023662,-9.809765,-9.786103
9.510000,-0.004745,0.218111,-0.004112,0.218282,0.023786,-9.809890,-9.786103
9.520000,-0.002562,0.218470,-0.001928,0.218578,0.023864,-9.809968,-9.786103
9.530000,-0.000376,0.218614,0.000259,0.218660,0.023896,-9.809999,-9.786103
9.540000,0.001810,0.218543,0.002445,0.218527,0.023881,-9.809984,-9.786103
9.550000,0.003994,0.218259,0.004629,0.218180,0.023818,-9.809922,-9.786103
9.560000,0.006174,0.217760,0.006808,0.217619,0.023710,-9.809813,-9.786103
9.570000,0.008349,0.217047,0.008980,0.216845,0.023555,-9.809658,-9.786103
9.580000,0.010515,0.216122,0.011144,0.215858,0.023354,-9.809458,-9.786103
9.590000,0.012670,0.214985,0.013297,0.214659,0.023109,-9.809213,-9.786103
9.600000,0.014814,0.213637,0.015436,0.213249,0.022820,-9.808924,-9.786103
9.610000,0.016942,0.212079,0.017561,0.211631,0.022489,-9.808592,-9.786103
9.620000,0.019054,0.210313,0.019668,0.209804,0.022116,-9.808219,-9.786103
9.630000,0.021148,0.208341,0.021756,0.207772,0.021703,-9.807806,-9.786103
9.640000,0.023221,0.206165,0.023823,0.205536,0.021252,-9.807355,-9.786103
9.650000,0.025271,0.203787,0.025866,0.203099,0.020764,-9.806868,-9.786103
9.660000,0.027296,0.201208,0.027884,0.200462,0.020242,-9.806346,-9.786103
9.670000,0.029294,0.198433,0.029875,0.197629,0.019688,-9.805791,-9.786103
9.680000,0.031264,0.195463,0.031836,0.194602,0.019103,-9.805206,-9.786103
9.690000,0.033203,0.192301,0.033766,0.191384,0.018490,-9.804593,-9.786103
9.700000,0.035109,0.188951,0.035663,0.187978,0.017851,-9.803954,-9.786103
9.710000,0.036981,0.185415,0.037525,0.184388,0.017189,-9.803293,-9.786103
9.720000,0.038817,0.181698,0.039351,0.180617,0.016507,-9.802610,-9.786103
9.730000,0.040614,0.177802,0.041137,0.176668,0.015807,-9.801910,-9.786103
9.740000,0.042372,0.173733,0.042883,0.172547,0.015092,-9.801195,-9.786103
9.750000,0.044089,0.169493,0.044587,0.168256,0.014364,-9.800467,-9.786103
9.760000,0.045762,0.165087,0.046248,0.163800,0.013627,-9.799730,-9.786103
9.770000,0.047390,0.160519,0.047863,0.159184,0.012883,-9.798986,-9.786103
9.780000,0.048971,0.155794,0.049431,0.154411,0.012136,-9.798239,-9.786103
9.790000,0.050505,0.150916,0.050951,0.149487,0.011388,-9.797491,-9.786103
9.800000,0.051989,0.145891,0.052420,0.144416,0.010642,-9.796745,-9.786103
9.810000,0.053422,0.140722,0.053838,0.139204,0.009901,-9.796005,-9.786103
9.820000,0.054803,0.135416,0.055204,0.133855,0.009169,-9.795272,-9.786103
9.830000,0.056130,0.129977,0.056515,0.128374,0.008447,-9.794550,-9.786103
9.840000,0.057402,0.124411,0.057771,0.122768,0.007739,-9.793842,-9.786103
9.850000,0.058618,0.118723,0.058970,0.117042,0.007048,-9.793151,-9.786103
9.860000,0.059776,0.112918,0.060111,0.111200,0.006375,-9.792479,-9.786103
9.870000,0.060876,0.107003,0.061194,0.105250,0.005725,-9.791828,-9.786103
9.880000,0.061916,0.100984,0.062216,0.099196,0.005099,-9.791202,-9.786103
9.890000,0.062895,0.094865,0.063177,0.093045,0.004500,-9.790603,-9.786103
9.900000,0.063813,0.088654,0.064077,0.086803,0.003930,-9.790033,-9.786103
9.910000,0.064668,0.082356,0.064913,0.080475,0.003391,-9.789495,-9.786103
9.920000,0.065460,0.075977,0.065686,0.074069,0.002886,-9.788990,-9.786103
9.930000,0.066187,0.069524,0.066394,0.067590,0.002417,-9.788520,-9.786103
9.940000,0.066850,0.063002,0.067037,0.061044,0.001985,-9.788088,-9.786103
9.950000,0.067447,0.056419,0.067615,0.054439,0.001592,-9.787695,-9.786103
9.960000,0.067978,0.049781,0.068126,0.047780,0.001239,-9.787342,-9.786103
9.970000,0.068443,0.043095,0.068570,0.041075,0.000929,-9.787032,-9.786103
9.980000,0.068840,0.036366,0.068947,0.034329,0.000661,-9.786765,-9.786103
9.990000,0.069170,0.029601,0.069257,0.027550,0.000438,-9.786541,-9.786103
10.000000,0.069432,0.022807,0.069498,0.020743,0.000260,-9.786363,-9.786103
